BUSCO_ID	Anandrodasys_agadasys	Aspidiophorus_sp	Aspidiophorus_tentaculatus	Chaetonotus_apolemmus	Chaetonotus_neptuni	Chaetonotus_sp	Crasiella_sp	Dasydytes_carvalhoe	Diuronotus_aspetos	Heteroxenotrichula_squamosa	Lepidochaetus_zelinkai	Lepidodermella_sp	Lepidodermella_squamata	Litigonotus_ghinii	Macrodasys_meristocytalis	Mesodasys_laticaudatus	Musellifer_sp	Musellifer_delamarei	Neodasys_sp	Paradasys_sp	Paraturbanella_pallida	Pleurodasys_incomptus	Polymerurus_nodicaudus	Redudasys_fornerise	Setopus_sp	Stylochaeta_sp	Thaidasys_tongiorgii	Turbanella_ambronensis	Urodasys_acanthostylis	Urodasys_bifidostylis	Xenotrichula_intermedia
102804at33208	1	1	1	1	1	1	1	1	1	1	1	1	1	1	1	1	1	1	1	1	1	1	1	1	1	1	1	1	1	1	1
103854at33208	1	1	1	1	1	1	1	1	1	1	1	1	1	1	1	1	1	1	0	1	1	1	1	1	1	1	1	1	1	1	0
107151at33208	1	1	1	1	1	1	1	1	1	1	1	1	1	1	1	1	1	1	1	1	1	1	0	0	1	1	1	1	1	1	1
107574at33208	0	0	0	0	0	0	0	0	0	0	0	0	0	0	0	0	0	0	0	0	0	1	0	0	0	0	0	0	0	0	0
108764at33208	0	0	0	0	0	0	0	0	0	0	0	0	0	0	0	0	0	0	0	0	0	0	0	0	0	0	0	0	0	0	0
109109at33208	1	1	1	1	1	1	1	1	1	1	1	1	1	1	1	1	1	1	1	1	1	1	1	1	1	1	1	1	1	1	1
111730at33208	1	1	1	1	1	1	1	1	1	1	1	1	1	1	1	1	1	1	1	1	1	1	1	1	1	1	1	1	1	1	1
111746at33208	0	0	1	1	1	1	0	1	1	0	1	1	1	1	1	0	0	0	0	0	0	0	1	1	1	1	0	0	0	0	0
114954at33208	0	0	0	0	0	0	1	0	0	0	0	0	0	0	1	0	0	0	1	0	0	1	0	0	0	0	1	0	0	0	0
115878at33208	1	1	1	1	1	1	1	1	1	1	1	1	1	1	1	1	1	0	1	1	1	1	0	1	1	1	1	1	1	1	1
118209at33208	1	1	1	1	1	1	1	1	1	1	1	1	1	1	1	1	1	1	1	1	1	1	1	1	1	1	1	1	1	1	1
119252at33208	1	1	1	1	1	1	1	1	1	1	1	1	1	1	1	1	1	1	1	1	1	1	1	1	1	1	1	1	1	1	1
119591at33208	1	1	1	1	1	1	1	1	1	1	1	1	1	1	1	1	1	1	0	1	1	1	1	1	1	1	1	1	1	1	0
121127at33208	0	0	0	0	0	0	1	0	0	0	0	0	0	0	1	0	0	0	0	0	0	1	0	0	0	0	1	0	0	0	0
123923at33208	1	1	1	1	1	1	1	1	1	0	1	1	1	1	1	1	1	1	0	1	1	1	1	1	1	1	1	1	1	1	1
124302at33208	1	1	1	1	1	1	1	1	1	1	1	1	1	1	1	1	1	1	0	1	1	0	1	1	1	1	1	1	1	1	0
127766at33208	1	1	1	1	1	1	1	1	1	1	1	1	1	1	1	1	1	1	0	1	1	1	1	0	1	1	1	1	1	1	1
129179at33208	1	1	1	1	1	1	1	1	1	1	1	1	1	1	1	1	1	1	1	1	1	1	1	1	1	1	1	1	1	1	1
130245at33208	1	1	1	1	1	1	1	1	1	1	1	1	1	1	1	1	1	1	1	1	1	0	0	1	1	1	1	1	1	1	1
130256at33208	1	1	1	0	1	1	1	1	1	1	1	1	1	1	1	1	1	1	0	1	1	1	0	1	1	1	1	1	0	0	0
131349at33208	1	1	1	1	1	1	1	0	1	1	1	1	1	1	1	1	1	1	1	1	1	1	1	1	1	1	1	1	1	1	1
131848at33208	1	1	1	1	1	1	1	1	1	1	1	1	1	1	1	1	1	1	1	1	1	1	1	1	1	1	1	1	1	1	0
132087at33208	1	1	0	1	1	1	1	1	1	1	1	1	1	1	1	1	1	1	1	1	1	1	1	1	1	1	1	1	1	1	1
134492at33208	1	1	1	1	1	1	1	1	1	1	1	1	1	1	1	1	1	1	1	1	1	0	1	1	1	1	1	1	1	1	0
135294at33208	1	1	1	1	1	1	1	0	1	1	1	1	1	1	1	1	1	1	1	1	1	1	1	1	1	1	1	1	1	1	1
137383at33208	1	1	1	1	1	1	1	1	1	1	1	1	1	1	1	1	1	1	1	1	1	1	1	1	1	1	1	1	1	1	1
13816at33208	1	1	1	1	0	1	1	1	1	0	1	1	1	1	1	1	1	1	1	1	0	1	1	1	1	1	1	1	1	1	1
139188at33208	1	1	1	1	1	1	1	1	1	1	1	1	1	1	1	1	1	1	0	1	1	1	0	1	1	1	1	1	1	1	1
143619at33208	1	1	1	1	1	1	1	1	1	1	1	1	1	1	1	1	1	1	0	1	1	0	1	1	1	1	1	1	0	1	1
143997at33208	0	0	0	0	0	0	1	0	0	0	0	0	0	0	1	1	0	0	0	0	0	1	0	0	0	0	1	0	0	0	0
146671at33208	1	1	1	1	1	1	1	1	1	1	1	1	1	1	1	1	1	1	1	1	1	1	1	1	1	1	1	1	1	1	1
14776at33208	0	0	0	0	0	0	1	0	0	0	0	0	0	0	0	1	1	0	0	0	0	0	0	0	0	0	1	0	0	0	0
147873at33208	1	1	1	1	0	1	1	0	1	1	1	1	1	1	1	1	1	1	0	1	1	1	0	1	1	1	1	1	1	1	1
148067at33208	0	1	1	1	1	1	1	1	1	1	1	1	1	1	1	1	1	1	1	1	0	1	0	1	1	1	1	1	0	0	1
148325at33208	1	1	1	1	1	1	1	1	1	1	1	1	1	1	1	1	1	1	1	1	1	1	0	1	1	1	1	1	1	1	1
152327at33208	0	1	1	1	1	1	0	0	1	1	1	1	1	1	0	1	0	0	0	0	0	1	0	0	1	1	1	0	1	1	0
152977at33208	1	1	1	1	1	1	1	0	1	0	1	1	1	1	1	1	1	1	1	1	1	1	1	1	1	1	1	0	1	1	0
153034at33208	1	1	1	1	0	1	1	0	1	1	1	1	1	1	1	1	1	1	1	1	1	1	1	1	1	1	0	1	1	1	1
157109at33208	1	1	1	1	0	1	1	0	1	1	1	1	1	1	1	0	1	1	0	1	0	1	0	1	1	1	1	1	1	0	0
157138at33208	0	0	0	0	0	0	0	0	0	0	0	0	0	0	0	0	0	0	0	0	0	0	0	0	0	0	0	0	0	0	0
158845at33208	1	1	1	1	1	1	1	1	1	1	1	1	1	1	1	1	1	1	0	1	0	1	1	1	1	1	1	1	1	1	0
158962at33208	1	1	1	1	1	1	1	1	1	1	1	1	1	1	0	1	1	0	0	1	1	1	1	1	1	1	1	0	1	1	1
16244at33208	1	1	1	1	1	1	1	1	1	1	1	1	1	1	1	0	1	1	1	1	1	1	0	1	1	1	1	1	1	1	1
162821at33208	1	1	1	1	1	1	1	1	1	1	1	1	1	1	1	1	1	1	1	1	1	1	1	1	1	1	1	1	1	1	1
164767at33208	1	1	1	1	1	1	1	1	1	1	1	1	1	1	1	1	1	1	1	1	1	1	0	1	1	1	1	1	0	0	1
166097at33208	1	0	0	0	0	0	0	0	0	0	0	0	0	0	0	0	0	0	1	0	0	0	0	1	0	0	0	0	0	0	0
168850at33208	1	1	1	1	1	1	1	1	1	1	1	1	1	1	1	1	1	1	1	1	1	1	0	1	1	1	1	0	1	1	1
168924at33208	1	1	1	1	1	1	1	1	1	1	1	1	1	1	1	1	1	1	1	1	1	0	0	1	1	1	1	1	1	1	1
169864at33208	1	1	1	1	1	1	1	1	1	1	1	1	1	1	1	0	1	1	0	1	1	1	0	0	1	1	1	1	1	1	1
172677at33208	1	0	0	0	0	0	1	0	1	0	0	1	0	1	1	1	1	1	1	1	1	0	0	1	0	0	1	0	1	0	1
176247at33208	0	1	1	1	1	1	1	1	1	1	1	1	1	1	0	1	1	1	0	1	0	1	0	1	1	1	1	1	0	0	1
177718at33208	1	1	1	1	1	1	1	1	1	1	1	1	1	1	1	1	1	1	1	1	1	1	1	1	1	1	1	1	1	1	1
177858at33208	1	1	0	1	0	1	0	0	1	0	1	1	1	1	1	0	1	1	0	0	1	0	1	0	1	1	1	1	1	1	0
178537at33208	1	1	1	1	1	1	1	1	1	1	1	1	1	1	1	1	1	1	0	1	1	1	1	1	1	1	1	1	1	1	1
179485at33208	1	1	1	1	1	1	1	1	1	1	1	1	1	1	1	1	1	1	0	1	1	1	1	0	1	1	1	0	0	0	0
180808at33208	1	1	1	1	1	1	1	1	1	1	1	1	1	1	1	1	1	1	1	1	1	1	1	1	1	1	1	1	1	1	1
182834at33208	1	1	1	1	0	1	1	0	1	0	1	1	1	1	1	1	0	0	0	1	1	1	0	1	0	1	1	0	1	1	0
184508at33208	1	1	1	1	1	1	1	1	1	1	1	1	1	1	1	1	1	1	0	1	1	1	1	1	1	1	1	1	1	1	0
184717at33208	1	1	1	1	1	1	1	1	1	1	1	1	1	1	1	1	1	1	1	1	1	1	1	1	1	1	1	1	1	1	1
186208at33208	1	1	1	1	1	1	1	1	1	1	1	1	1	1	1	1	1	1	1	1	1	1	1	1	1	1	1	1	1	1	1
186707at33208	0	0	0	1	1	1	1	0	1	0	1	1	1	0	1	0	0	0	1	1	1	1	1	1	1	1	1	0	0	0	0
187280at33208	1	0	1	1	0	1	1	1	1	0	1	1	1	1	1	0	1	1	0	0	0	0	0	1	1	0	0	0	0	0	1
189414at33208	1	1	1	1	1	1	1	1	1	1	1	1	1	1	1	1	0	1	1	1	0	1	1	1	1	1	1	1	1	1	1
190726at33208	1	1	1	1	1	1	1	0	1	1	1	1	1	1	1	1	1	1	1	1	1	1	0	1	1	1	1	1	1	1	1
191938at33208	1	0	1	0	1	0	1	0	1	0	0	0	1	1	1	1	0	0	1	1	1	1	0	1	0	0	0	1	0	0	0
192250at33208	1	1	1	1	1	1	1	1	1	1	1	0	1	1	1	1	1	1	1	1	1	1	1	1	1	1	1	1	1	1	1
194754at33208	1	1	1	1	1	1	1	1	1	1	1	1	1	1	1	1	1	1	1	1	1	1	1	1	1	1	1	1	1	1	1
195986at33208	1	1	1	1	1	1	1	1	1	1	1	1	1	1	1	1	1	1	1	1	1	1	0	1	1	1	1	1	1	1	1
196950at33208	1	1	1	1	1	1	1	1	1	1	1	1	1	1	1	0	1	1	1	1	1	1	0	1	1	1	1	1	1	1	1
197549at33208	0	1	1	1	0	1	1	1	1	1	1	1	1	1	1	0	0	0	0	1	0	1	1	0	1	1	1	0	1	1	0
197652at33208	1	1	1	1	1	1	1	0	1	1	1	1	1	1	1	1	1	1	1	1	1	1	1	1	1	1	1	1	1	0	1
200997at33208	1	1	1	1	1	1	1	1	1	0	1	1	1	1	1	1	1	1	1	1	1	1	1	1	1	1	1	1	1	1	1
201397at33208	0	1	1	1	1	1	1	1	0	0	1	0	1	1	1	0	0	0	1	0	1	0	1	1	1	1	0	0	0	0	0
202545at33208	1	1	1	1	1	1	1	1	0	1	1	1	1	1	1	1	1	1	1	1	1	1	1	1	1	1	1	1	1	1	1
203128at33208	1	1	1	1	1	1	1	1	1	1	1	1	1	1	1	1	1	1	1	1	1	1	1	1	1	1	1	1	1	1	1
203698at33208	1	1	1	1	0	1	0	1	0	1	1	1	1	1	0	0	0	1	0	0	0	0	1	1	1	1	1	0	0	0	0
205220at33208	0	1	1	1	1	0	1	0	0	1	0	0	1	0	1	1	0	1	1	0	0	1	1	1	1	0	1	1	0	0	1
206786at33208	1	1	1	1	1	1	1	1	1	1	1	1	1	1	1	1	1	1	1	1	1	0	0	1	1	1	1	0	1	1	1
206858at33208	1	0	0	0	0	0	0	0	1	0	0	0	0	1	0	0	1	0	0	0	0	0	0	0	1	0	1	0	1	1	0
207599at33208	1	1	1	1	1	1	1	1	1	1	1	1	1	1	1	0	1	1	0	0	1	1	1	1	1	1	1	1	1	1	1
208219at33208	0	1	1	1	1	1	1	1	1	1	1	1	1	1	1	1	1	1	0	0	0	0	1	1	1	1	1	0	0	0	1
210614at33208	1	1	1	1	1	1	1	1	1	1	1	1	1	1	1	1	0	0	1	1	0	1	1	1	1	1	1	1	0	1	1
212972at33208	1	1	1	1	1	0	1	1	1	1	1	1	1	1	1	1	1	1	1	1	1	1	1	1	0	1	1	1	1	1	1
214788at33208	1	1	1	1	1	1	1	0	1	1	1	1	1	1	1	1	1	1	1	1	1	1	1	1	1	1	1	1	1	1	1
215654at33208	1	1	1	1	1	1	1	1	1	1	1	1	1	1	1	1	1	1	1	1	1	1	1	1	1	1	1	1	1	1	1
216257at33208	1	1	1	1	1	1	1	1	0	1	1	1	1	1	1	1	0	0	1	1	1	1	1	1	1	1	1	1	1	1	1
216563at33208	1	0	0	0	1	0	1	0	1	1	0	1	0	0	1	1	1	1	0	1	0	1	0	1	1	0	1	1	0	1	1
218441at33208	1	1	1	1	1	1	1	0	1	1	1	1	1	1	1	1	1	1	1	1	1	1	1	1	1	1	1	1	1	1	1
219795at33208	0	1	0	1	1	1	1	1	1	1	1	1	1	1	1	1	1	1	1	1	1	1	0	1	1	1	1	1	0	1	0
219856at33208	1	1	1	1	1	1	1	1	1	1	1	1	1	1	1	1	1	1	1	1	1	0	0	1	1	1	1	1	1	1	1
222489at33208	1	1	1	1	1	1	1	1	1	1	1	1	1	1	1	1	1	1	0	1	1	1	1	1	1	1	1	1	1	1	1
223234at33208	1	1	0	0	1	0	1	0	1	0	1	0	1	0	1	1	0	0	1	1	1	1	1	1	0	0	1	1	1	1	0
224280at33208	1	1	1	1	1	1	1	1	1	1	1	1	1	1	1	1	1	1	1	1	1	1	1	1	1	1	1	1	1	1	1
226335at33208	1	1	1	1	1	1	1	0	1	1	1	1	1	1	1	1	1	1	0	1	1	0	1	1	1	1	1	1	0	0	1
226941at33208	1	1	1	1	1	1	1	1	1	1	1	1	1	1	1	1	1	1	1	1	1	1	1	1	1	1	1	1	1	0	1
227087at33208	1	1	1	1	1	1	1	1	1	1	1	1	1	1	1	1	1	1	1	1	1	1	0	1	1	1	1	1	1	1	1
227453at33208	1	1	1	1	1	1	1	1	1	1	1	1	1	1	1	0	0	1	1	1	1	0	0	1	1	1	1	1	1	1	1
227979at33208	1	1	1	1	1	1	1	1	1	1	1	1	1	1	1	0	1	1	1	1	1	1	1	1	1	1	1	1	1	1	1
231157at33208	1	1	1	1	1	1	1	1	1	1	1	1	1	1	1	1	0	1	1	1	1	1	1	1	1	1	1	0	1	1	1
231700at33208	1	1	1	1	1	1	1	1	0	0	1	1	1	1	1	0	1	0	1	1	0	1	1	0	1	1	0	1	1	1	1
234290at33208	1	1	1	1	1	1	0	1	1	1	1	1	1	1	1	1	1	1	1	1	1	1	1	1	1	1	1	1	1	1	1
235149at33208	1	1	1	1	1	1	1	1	1	1	1	1	1	1	1	1	1	1	1	1	1	1	0	1	1	1	1	1	1	1	1
235430at33208	0	1	1	1	1	1	1	1	1	0	1	1	1	1	1	1	0	0	1	1	1	1	1	1	1	1	0	1	1	1	1
235458at33208	1	1	1	1	0	1	1	1	0	0	1	1	1	1	1	1	1	1	1	1	1	0	0	1	1	1	1	1	0	0	0
239016at33208	1	0	1	1	1	1	1	0	1	1	1	1	1	1	1	1	1	1	1	1	1	1	1	1	1	1	1	1	1	1	1
239149at33208	0	0	0	0	0	0	1	0	0	0	0	0	0	0	0	1	0	0	0	0	0	0	0	0	0	0	0	0	0	0	0
239597at33208	0	0	0	0	0	0	0	0	1	0	0	0	0	0	0	0	0	0	0	0	0	0	0	0	0	0	0	0	0	0	0
240437at33208	1	1	1	1	1	1	1	1	1	1	1	1	1	1	1	1	1	1	1	1	1	1	0	1	1	1	1	0	1	1	0
244863at33208	1	0	0	0	0	0	1	0	1	0	0	0	0	0	1	0	1	0	0	0	1	1	0	0	0	0	1	0	1	0	0
245482at33208	1	1	1	1	1	1	1	1	1	1	1	1	1	1	1	1	1	1	0	1	0	1	1	1	1	1	1	1	1	1	1
245567at33208	1	0	0	0	0	0	1	0	1	1	0	0	0	0	1	0	1	1	0	0	1	1	0	1	0	0	1	1	1	0	1
246241at33208	1	1	1	1	1	1	1	1	1	1	1	1	1	1	1	1	1	1	1	1	1	0	1	1	1	1	0	1	0	1	1
247183at33208	1	1	1	1	1	1	1	1	1	1	1	1	1	1	1	1	1	0	1	1	1	1	1	1	1	1	1	1	1	1	1
247905at33208	1	0	0	0	0	0	1	0	1	1	0	0	0	0	1	0	1	1	0	0	1	1	0	1	0	0	1	1	1	1	1
249486at33208	1	1	1	0	1	1	1	1	1	1	1	1	1	1	1	1	1	1	1	1	1	1	0	1	1	1	1	1	1	0	1
251076at33208	1	1	1	1	1	1	1	1	1	1	1	1	1	1	1	1	1	1	1	1	1	1	1	1	1	1	1	1	1	1	1
251577at33208	0	1	1	1	1	1	1	1	1	0	1	1	1	1	1	1	0	0	1	1	0	1	1	1	1	1	1	1	1	0	0
255117at33208	1	1	1	1	0	1	1	1	1	0	1	1	1	1	1	1	1	1	1	1	1	1	1	1	1	1	1	1	1	1	0
255242at33208	1	1	1	1	1	1	0	1	1	0	1	1	1	1	1	0	1	0	1	1	1	1	1	1	1	1	1	1	1	1	0
255924at33208	1	1	1	1	1	1	1	0	1	1	0	1	1	1	1	0	0	0	1	0	1	0	0	1	1	0	1	1	0	0	0
257141at33208	1	1	1	1	1	1	1	0	1	1	1	1	1	1	1	1	0	1	1	1	1	1	0	1	1	1	1	1	1	1	1
257339at33208	1	1	1	1	1	1	0	1	1	0	1	1	1	1	1	1	1	1	0	0	0	1	0	1	1	1	0	1	1	0	1
259581at33208	1	0	0	0	0	0	1	0	1	0	0	0	0	0	1	1	0	0	1	1	0	0	0	1	0	0	1	0	1	1	0
260752at33208	1	1	1	1	1	1	1	0	1	1	1	1	1	1	1	1	1	0	1	0	0	0	1	1	1	1	1	1	1	1	1
261284at33208	1	1	1	1	1	1	1	1	1	1	0	1	1	1	1	1	1	1	1	1	1	1	0	1	1	1	1	1	1	1	1
261614at33208	1	1	1	1	1	1	0	1	1	0	1	1	1	1	1	0	1	0	0	1	0	0	1	0	1	1	0	0	0	1	0
262757at33208	1	1	1	1	1	1	0	1	1	1	1	1	1	1	1	0	1	0	1	1	0	1	1	1	1	1	1	1	1	0	1
266460at33208	1	1	1	1	0	1	1	1	1	1	1	1	1	1	1	1	1	1	1	1	1	1	1	1	1	1	1	1	1	1	1
266469at33208	0	1	1	1	1	1	1	0	1	0	1	1	1	1	1	0	0	0	1	0	0	1	1	1	1	1	1	0	0	1	0
266808at33208	1	1	1	1	1	1	1	1	1	1	1	1	1	1	1	1	0	1	0	1	1	0	0	1	1	1	1	1	0	0	1
267439at33208	1	1	1	1	1	1	0	1	1	1	1	1	1	1	1	1	1	1	1	1	1	1	1	1	1	1	1	1	1	1	1
268134at33208	0	1	1	1	1	1	0	1	1	1	1	1	1	0	1	1	1	1	0	1	1	1	1	1	1	1	1	1	0	0	1
268397at33208	1	1	1	1	1	1	1	1	1	1	1	1	1	1	1	0	1	1	0	1	1	1	0	1	1	1	1	1	1	1	1
270594at33208	1	1	1	1	1	1	1	1	1	1	1	1	1	1	1	1	1	1	1	0	1	1	1	1	1	1	1	1	1	1	1
271297at33208	1	0	1	1	0	1	1	1	1	1	1	1	1	1	1	1	1	1	1	1	1	1	1	1	1	1	1	1	1	1	1
271742at33208	1	1	1	1	1	1	1	1	1	1	1	1	1	1	1	1	1	1	1	1	1	1	1	1	1	1	1	1	1	1	1
272605at33208	0	0	0	0	0	0	1	0	0	0	0	0	0	0	1	1	0	0	1	0	0	1	0	1	0	0	0	1	0	0	0
273040at33208	1	1	1	1	1	1	0	1	1	1	1	1	1	1	1	1	1	1	1	1	1	0	1	1	1	1	1	1	1	1	1
273367at33208	0	0	0	0	0	0	1	0	1	0	0	0	0	0	0	1	0	0	1	0	1	0	0	0	0	0	1	0	0	0	0
273989at33208	1	1	1	1	0	1	1	0	1	0	0	1	1	1	0	0	0	1	0	0	0	0	0	1	1	0	0	1	0	0	0
274044at33208	1	1	1	1	1	1	1	1	1	1	1	1	1	1	1	1	1	1	1	1	1	1	1	1	1	1	1	1	1	0	1
274064at33208	1	1	1	1	1	1	1	1	1	0	0	1	1	1	1	1	0	0	1	1	1	1	1	1	1	1	1	1	1	1	0
274769at33208	0	1	1	1	1	1	1	1	1	0	1	1	1	1	1	1	1	1	1	1	1	1	1	1	1	1	1	1	1	1	1
274992at33208	1	1	1	1	1	1	1	1	1	1	1	1	1	1	1	1	1	1	1	1	1	1	1	1	1	1	1	1	1	1	1
277935at33208	0	1	1	1	0	1	1	1	0	0	1	1	1	1	1	0	0	0	1	0	0	1	0	1	1	1	1	0	1	0	0
278227at33208	1	1	1	1	0	1	1	1	1	1	1	1	1	1	1	1	1	1	1	1	1	0	0	1	1	1	1	1	1	1	1
279631at33208	0	1	0	0	1	0	0	0	1	0	0	0	0	1	1	0	1	1	0	0	0	0	0	0	0	1	1	1	1	1	1
279992at33208	1	1	1	1	1	1	1	1	0	1	1	1	1	1	1	1	0	0	0	0	0	1	0	1	0	1	1	1	1	1	1
280914at33208	1	1	1	1	0	1	1	0	1	0	1	1	1	1	1	1	0	0	1	1	1	1	1	1	1	1	1	1	1	1	1
281304at33208	1	1	1	1	1	1	1	0	1	1	1	1	1	1	1	1	1	1	1	1	0	1	0	1	1	1	1	0	1	0	1
281693at33208	0	1	1	1	1	1	1	0	1	0	1	1	1	1	0	0	1	1	0	0	0	1	1	0	1	1	1	1	0	0	0
283637at33208	1	1	1	1	1	1	1	1	1	1	1	1	1	1	1	1	1	1	1	1	1	1	1	1	1	1	1	1	1	0	0
284059at33208	1	1	1	1	1	1	1	1	1	1	1	1	1	1	1	1	1	1	1	1	1	1	1	1	1	1	1	1	1	1	1
285146at33208	1	1	1	1	1	1	1	1	1	0	1	1	1	1	1	1	1	1	1	1	1	1	1	1	1	1	1	1	0	1	1
285902at33208	1	1	1	1	1	1	1	0	1	1	1	1	1	1	1	1	0	0	1	1	1	1	0	1	1	1	1	1	1	1	1
285966at33208	1	1	1	1	1	1	1	0	1	1	1	1	1	1	1	1	1	1	1	1	1	1	1	1	1	1	1	0	0	1	1
286553at33208	1	1	1	1	1	1	1	1	1	1	1	1	1	1	1	1	1	1	1	1	1	1	0	1	1	1	1	1	1	1	1
289235at33208	1	1	1	1	1	1	1	1	1	0	1	1	1	1	1	1	1	0	1	0	0	0	0	0	1	1	1	1	1	0	0
289928at33208	1	0	0	0	1	0	1	0	1	1	0	0	0	1	1	1	1	1	1	1	1	1	0	1	0	0	1	0	1	0	1
291505at33208	1	1	1	1	1	1	1	1	1	1	1	1	1	1	1	1	1	1	1	1	1	1	1	1	1	1	1	1	1	1	1
291875at33208	1	1	1	1	1	1	1	1	1	1	1	1	1	1	1	1	1	1	1	1	1	1	1	1	1	1	1	1	1	1	1
295556at33208	0	0	0	0	0	0	0	0	0	0	0	0	0	0	0	0	0	0	0	0	0	0	0	0	0	0	0	0	0	0	0
295775at33208	1	1	1	1	1	1	0	1	1	1	1	1	1	1	1	1	1	1	0	1	1	1	1	1	1	1	1	1	0	0	1
300303at33208	1	1	1	1	1	1	0	1	1	0	1	1	1	1	0	1	0	1	0	1	0	1	0	1	1	1	1	0	1	0	1
301572at33208	1	1	1	1	1	1	1	1	1	1	1	1	1	1	1	1	1	1	1	1	1	1	1	1	1	1	1	1	1	1	1
302186at33208	1	1	1	1	1	1	0	0	0	0	1	1	1	1	1	0	0	0	1	1	0	0	1	1	1	1	0	0	1	1	0
302279at33208	1	1	1	1	1	1	1	1	1	1	1	1	1	1	1	1	1	1	1	1	1	1	1	1	1	1	1	1	1	0	0
302921at33208	0	0	1	0	1	0	0	0	0	0	0	0	0	0	1	0	0	0	0	0	0	0	0	0	0	0	0	0	1	0	0
303117at33208	0	0	0	0	0	0	0	0	1	0	0	0	0	0	0	0	0	0	0	1	0	0	0	0	0	0	0	1	1	0	0
304388at33208	0	0	0	0	0	0	0	0	1	0	0	0	0	0	0	0	0	0	0	0	1	0	0	0	0	0	0	0	0	0	0
305260at33208	1	1	1	1	1	1	1	1	1	1	1	1	1	1	1	1	1	1	0	1	1	1	1	1	1	1	1	1	1	1	1
306101at33208	1	1	1	1	1	1	1	1	1	1	1	1	1	1	1	1	1	1	1	1	1	0	1	1	1	1	0	1	1	1	1
307109at33208	1	0	0	0	0	0	0	0	0	0	0	0	0	0	0	0	0	0	1	0	0	1	0	1	0	0	0	0	0	0	0
308610at33208	1	1	1	1	1	1	1	1	1	1	1	1	1	1	1	1	1	1	0	1	1	0	1	1	1	1	1	1	1	0	1
311438at33208	0	0	0	0	0	0	1	0	0	0	0	0	0	0	1	1	0	0	0	0	1	0	0	0	0	0	1	0	1	0	0
311758at33208	1	1	1	1	1	1	1	0	1	1	1	1	1	1	1	1	1	1	1	1	1	0	1	1	1	1	1	1	0	0	1
311761at33208	1	1	1	1	1	1	1	1	1	1	1	1	1	1	1	1	1	1	1	1	1	1	1	1	1	1	1	1	1	1	1
312577at33208	0	0	1	1	1	1	1	1	1	1	1	1	1	0	1	1	1	1	1	1	0	1	1	1	1	0	1	1	1	1	1
313091at33208	1	1	1	1	1	1	1	0	1	1	1	1	1	1	1	1	0	0	1	1	1	1	0	1	1	1	1	1	1	1	1
315044at33208	1	1	1	1	1	1	1	1	1	1	1	1	1	1	1	1	1	1	1	1	1	1	1	1	1	1	1	1	1	1	1
315393at33208	1	1	1	1	1	1	1	1	1	0	1	1	1	1	1	0	1	1	1	0	1	1	1	1	1	1	1	1	0	1	1
317470at33208	1	0	0	1	0	0	1	0	1	0	0	1	0	0	1	0	0	0	0	0	0	0	0	0	0	0	0	0	1	1	1
318483at33208	1	1	1	1	1	1	1	0	1	0	1	1	1	1	1	0	1	1	0	1	1	0	0	0	1	1	1	1	0	1	1
318532at33208	1	1	1	1	1	1	1	1	1	1	1	1	1	1	1	1	1	0	0	1	1	1	1	1	1	1	1	1	1	1	1
319574at33208	1	1	1	1	1	1	1	1	1	1	1	1	1	1	1	1	1	1	0	1	1	1	1	1	1	1	1	1	1	1	1
320390at33208	0	1	1	1	1	1	1	1	1	1	1	1	1	1	1	1	1	1	1	1	0	0	1	1	1	1	1	1	1	1	1
321332at33208	1	0	0	0	0	0	1	0	0	0	0	0	0	0	1	1	0	0	0	0	0	0	0	0	0	0	0	1	0	0	0
323399at33208	1	1	1	1	0	1	0	1	1	1	1	1	1	1	0	0	0	0	1	0	1	0	1	1	1	1	1	1	0	0	1
323473at33208	0	1	1	1	1	1	1	1	1	0	1	1	1	1	0	1	1	1	1	1	1	0	0	1	1	1	1	1	1	0	0
324249at33208	1	1	1	1	1	1	1	1	1	1	1	1	1	1	1	1	1	1	0	1	1	1	1	1	1	1	1	0	1	1	0
325183at33208	1	1	1	1	1	1	1	1	1	1	1	1	1	1	1	1	1	1	1	1	1	1	1	1	1	1	1	1	1	0	1
327301at33208	0	1	1	0	1	1	0	1	1	1	0	1	1	1	1	1	0	1	1	0	1	1	0	0	1	1	1	0	1	0	1
331112at33208	1	1	1	1	0	1	1	1	1	1	1	1	1	1	1	0	0	0	0	1	1	0	0	1	1	1	1	0	1	1	1
331186at33208	0	1	1	1	1	1	0	0	1	0	1	1	1	1	1	1	1	0	0	1	0	0	1	0	1	1	0	0	1	1	0
332870at33208	1	1	1	1	0	1	1	1	1	1	1	1	1	1	1	1	0	1	1	1	0	1	1	1	1	1	1	1	0	0	1
333062at33208	1	1	1	1	1	1	1	1	1	0	1	1	1	1	1	1	1	1	1	1	1	1	1	1	1	1	1	1	1	1	1
333800at33208	1	1	1	1	1	1	1	0	1	0	1	1	1	1	1	1	1	1	0	1	0	0	0	1	1	1	1	0	1	0	0
334272at33208	0	0	0	0	0	0	1	0	1	0	0	0	0	0	1	0	1	1	1	0	1	1	0	1	0	0	0	1	0	0	0
334331at33208	1	1	1	1	1	1	1	1	1	1	1	1	1	1	1	1	1	1	1	1	1	1	1	1	1	1	1	1	1	1	1
334336at33208	1	1	1	1	1	1	1	1	1	1	1	1	1	1	1	1	1	1	1	1	1	1	1	1	1	1	1	1	1	1	1
334342at33208	1	1	1	1	1	1	1	1	1	0	1	1	1	1	1	0	1	1	1	0	1	0	0	1	1	1	0	0	0	0	0
334764at33208	1	1	1	1	1	1	1	0	1	1	1	1	1	1	1	1	1	1	1	1	1	1	0	1	0	1	1	1	1	0	0
334820at33208	1	1	1	1	1	1	1	1	1	1	1	1	1	1	0	1	0	1	0	1	0	0	1	1	1	1	1	1	1	1	0
335107at33208	1	0	0	0	0	0	1	0	0	0	0	0	0	0	1	1	0	0	0	1	1	1	0	1	0	0	1	1	1	1	0
336647at33208	0	0	0	0	0	0	0	0	0	0	0	0	0	0	0	0	0	0	1	0	0	1	0	0	0	0	1	0	1	1	0
338191at33208	1	1	1	1	1	1	1	1	1	1	1	1	1	1	1	1	1	1	1	1	1	1	0	1	1	1	1	1	1	1	1
338482at33208	1	1	1	1	1	1	1	1	1	1	1	1	1	1	0	1	1	1	1	1	1	1	1	1	1	1	1	1	1	1	1
339127at33208	1	1	1	1	1	1	1	1	1	1	1	1	1	1	1	1	0	1	1	1	1	1	1	1	1	1	1	1	1	1	0
339319at33208	1	0	0	0	0	0	1	0	0	0	0	0	0	0	1	1	0	0	0	0	0	1	0	1	0	0	1	0	0	0	0
340558at33208	1	1	1	1	1	1	1	1	1	1	1	1	1	1	1	1	1	1	1	1	0	1	1	1	1	1	1	1	1	1	1
340577at33208	1	1	1	1	1	1	1	0	1	1	1	1	1	1	1	1	1	1	1	1	1	1	1	1	1	1	1	1	1	1	1
344338at33208	1	1	1	1	1	1	1	1	1	1	1	1	1	1	1	1	1	1	0	1	1	1	1	1	1	1	1	1	1	1	1
344346at33208	1	1	1	1	1	1	1	1	1	0	1	1	1	1	1	1	0	0	0	0	1	0	0	1	1	1	1	1	0	1	0
344442at33208	1	1	1	1	1	1	0	1	0	1	1	1	1	1	1	0	0	0	1	0	1	1	1	1	1	1	0	1	0	0	0
344581at33208	1	1	1	1	1	1	1	1	1	1	1	1	1	1	1	1	1	1	0	1	0	1	1	0	1	1	1	1	1	1	1
344611at33208	1	0	0	0	0	0	1	0	1	0	0	0	0	0	0	1	0	0	0	1	0	1	0	1	0	0	0	0	0	1	0
345099at33208	1	1	1	1	0	0	1	1	1	1	1	1	1	1	1	1	1	1	1	1	0	1	0	1	0	1	1	0	1	0	1
345959at33208	0	1	1	1	1	1	0	1	0	0	1	1	0	1	1	1	1	1	0	0	0	1	0	0	1	1	1	0	0	0	0
346541at33208	0	1	1	1	1	1	0	1	0	0	1	1	1	1	1	1	1	1	1	1	1	1	1	0	1	0	1	1	1	1	1
347600at33208	1	1	1	1	1	1	1	1	1	1	1	1	1	1	1	1	1	1	1	1	1	1	1	1	1	1	1	1	1	1	1
348449at33208	1	1	1	1	1	1	1	1	1	1	1	1	1	1	1	1	1	1	1	1	1	1	0	1	1	1	1	1	1	1	1
348544at33208	1	1	1	1	1	1	1	1	1	1	1	1	1	1	1	1	1	1	0	1	1	1	1	1	1	1	1	1	1	1	1
348761at33208	1	1	1	1	1	1	1	1	1	1	0	1	1	1	1	0	1	1	1	1	0	1	1	1	1	1	1	0	1	1	0
349064at33208	1	1	1	1	1	1	1	0	0	1	1	1	1	1	1	1	1	1	1	1	1	1	0	1	1	1	1	1	1	0	0
349627at33208	1	1	1	1	1	1	1	1	1	1	1	1	1	1	1	1	1	1	0	1	1	1	1	1	1	1	1	1	1	0	1
351226at33208	1	1	1	1	1	1	0	1	1	1	1	1	1	1	0	1	1	0	0	1	0	0	0	1	1	1	0	1	0	0	1
352600at33208	1	1	1	1	1	1	1	1	1	1	1	1	1	1	1	1	1	1	1	1	1	1	1	1	1	1	1	1	1	0	1
352854at33208	1	1	1	1	1	1	1	1	1	1	1	1	1	1	1	1	1	1	1	1	1	1	1	1	1	1	1	1	1	1	1
353286at33208	1	1	1	1	1	1	1	0	1	1	1	1	0	1	1	1	1	1	1	1	1	1	0	1	1	1	1	1	1	1	0
353768at33208	0	0	0	0	0	0	0	0	1	0	0	0	0	0	1	1	0	0	0	0	1	0	0	0	0	0	0	1	0	0	0
354829at33208	0	1	1	1	1	1	1	1	1	1	1	1	1	1	1	1	1	1	1	1	0	1	1	1	1	1	0	1	1	1	1
354949at33208	1	1	1	1	1	1	1	0	1	1	1	1	1	1	0	1	1	1	0	1	1	1	1	1	1	1	1	1	1	1	1
355210at33208	1	1	1	1	1	1	1	1	1	1	1	1	1	1	1	1	1	1	1	1	1	1	1	1	1	1	1	1	1	1	1
355739at33208	1	1	1	1	1	1	1	0	1	1	0	1	1	1	1	1	1	1	1	1	0	1	0	1	1	1	1	0	1	1	1
356175at33208	0	0	0	0	0	0	0	0	0	0	0	0	0	0	1	1	0	0	0	0	0	0	0	0	0	0	1	1	1	1	0
356334at33208	1	1	1	1	0	1	1	0	1	1	0	1	1	1	1	1	1	0	0	1	1	1	1	1	1	1	1	1	0	1	1
356503at33208	1	1	1	1	1	1	1	1	1	1	1	1	1	1	1	1	1	1	1	1	1	1	1	1	1	1	1	1	1	1	1
357580at33208	1	1	1	1	1	1	1	0	1	1	1	1	1	1	1	1	1	0	0	0	1	0	1	1	1	1	1	1	0	0	1
359075at33208	1	1	1	1	1	1	1	1	1	1	1	1	1	1	1	1	1	1	1	1	1	1	1	1	1	1	1	1	1	1	1
359324at33208	1	0	0	0	0	0	1	0	1	1	0	0	0	0	1	1	1	1	1	1	1	1	0	1	0	0	1	1	1	1	1
359369at33208	0	1	1	1	0	1	1	0	1	0	1	1	1	1	1	0	0	0	1	0	1	0	1	1	1	1	0	0	0	1	0
359532at33208	0	1	0	0	1	0	0	0	1	1	0	1	1	1	0	0	0	0	0	0	0	0	0	0	0	0	0	0	0	0	0
360379at33208	1	0	0	0	0	0	0	0	0	0	0	0	0	0	1	0	0	0	0	1	0	0	0	1	0	0	1	0	0	0	0
360753at33208	1	1	0	1	1	1	1	1	1	0	1	1	1	1	1	1	0	0	0	1	0	0	0	1	1	1	1	0	1	1	1
361100at33208	0	1	1	0	1	0	0	0	1	0	0	1	1	0	1	1	0	0	0	0	0	0	0	0	0	1	0	0	1	0	0
361203at33208	1	1	1	1	1	1	1	1	1	1	1	1	1	1	1	1	1	1	0	1	1	1	0	1	1	1	1	1	1	1	1
361216at33208	0	1	1	1	1	1	0	1	0	0	1	1	1	1	0	0	0	0	0	0	0	0	0	0	0	1	0	0	0	0	0
363634at33208	1	1	1	1	1	1	1	1	1	1	1	1	1	1	1	1	1	1	1	1	0	1	0	1	1	1	1	1	1	0	1
363840at33208	1	1	1	1	1	1	1	1	1	1	1	1	1	1	1	1	1	1	0	0	0	1	1	1	1	1	1	1	1	1	0
363851at33208	1	1	1	0	1	1	1	1	1	0	1	1	1	1	1	1	1	1	0	1	1	1	1	1	1	1	1	1	0	0	0
364383at33208	1	1	1	1	1	1	1	1	1	1	1	1	1	1	1	1	1	1	0	1	1	1	1	1	1	1	1	1	1	1	1
364694at33208	1	1	1	1	1	1	1	1	1	1	1	1	1	1	1	1	1	1	1	1	1	1	1	1	1	1	1	1	1	1	1
365323at33208	0	0	0	0	0	0	0	0	1	0	0	0	0	0	1	0	0	0	1	0	0	0	0	0	0	0	0	0	0	1	0
365561at33208	1	1	1	1	1	1	1	0	1	1	1	1	1	1	1	1	0	1	1	1	0	1	1	1	1	1	1	1	1	1	1
365691at33208	1	1	1	1	1	1	1	1	1	1	1	1	1	0	1	1	1	1	1	1	1	1	0	1	1	1	1	1	1	1	1
366124at33208	1	1	1	0	0	1	1	0	0	1	1	1	1	1	1	0	0	0	0	1	1	0	1	1	1	1	1	1	1	0	1
366814at33208	1	1	1	1	1	1	1	0	1	1	1	1	1	1	1	1	1	1	1	1	1	1	1	0	1	1	1	1	0	0	0
366936at33208	1	1	1	1	1	1	1	1	1	1	1	1	1	1	1	1	1	1	1	1	1	1	1	1	1	1	1	1	1	1	1
367493at33208	0	1	1	1	1	1	1	1	0	0	1	1	1	1	1	1	0	0	0	1	0	1	1	1	1	1	1	0	1	0	0
367551at33208	1	1	1	1	1	1	1	0	1	1	1	1	1	1	1	0	1	0	0	1	0	0	0	1	1	1	0	0	0	0	0
367596at33208	1	1	1	1	1	1	1	1	1	1	1	1	1	1	1	1	1	1	1	1	1	1	1	1	1	1	1	1	1	1	1
367957at33208	1	1	1	1	1	1	1	1	1	1	1	1	1	1	1	1	0	0	0	0	1	1	1	1	1	1	1	1	1	0	0
368565at33208	1	1	1	0	1	1	1	1	1	1	1	1	1	1	1	1	1	1	1	1	1	1	1	1	1	1	1	1	1	1	1
368670at33208	0	0	0	0	0	0	1	0	0	0	0	0	0	0	0	0	0	0	0	0	0	0	0	0	0	0	0	0	0	0	0
368875at33208	1	0	0	0	0	0	0	0	1	0	0	0	0	0	1	0	1	1	1	1	0	0	0	1	0	0	1	0	1	1	0
371241at33208	1	1	1	1	1	1	1	1	1	1	1	1	1	1	1	1	1	1	1	1	1	1	0	1	1	1	1	1	1	1	1
371297at33208	1	1	1	1	1	1	1	1	1	1	1	1	1	1	1	1	1	1	1	1	1	1	1	1	1	1	1	1	1	1	1
371526at33208	1	1	1	1	1	1	1	1	1	1	1	1	1	1	1	1	1	1	0	0	1	1	1	1	1	1	1	1	0	0	1
372257at33208	1	1	1	1	1	1	1	1	1	1	1	1	1	1	1	1	1	1	1	1	1	1	1	1	1	1	1	1	1	0	1
372707at33208	1	1	1	1	1	1	1	1	1	1	1	1	1	1	1	1	1	1	1	1	1	0	1	1	1	1	1	1	1	0	1
373040at33208	1	1	1	1	1	1	1	1	1	0	1	1	1	1	1	1	1	1	0	1	1	1	1	1	1	1	1	1	0	0	1
376982at33208	1	1	1	1	1	1	1	0	1	1	1	1	1	1	1	1	1	1	1	1	0	1	1	1	1	1	1	1	1	1	1
378033at33208	1	1	1	1	1	1	1	1	1	1	1	1	1	1	1	1	1	1	1	1	0	1	1	1	1	1	1	1	1	1	1
378316at33208	1	1	1	1	1	1	1	1	1	1	1	1	1	1	1	1	1	0	1	1	1	1	1	1	1	1	1	1	1	0	0
378768at33208	1	1	1	1	1	1	1	0	1	1	1	1	1	1	1	1	1	1	0	0	1	1	1	0	1	1	1	1	0	1	1
378913at33208	1	1	1	1	1	1	1	1	1	1	1	1	1	1	1	1	1	1	0	1	0	1	1	1	1	1	1	1	1	0	1
379076at33208	0	0	0	0	0	0	0	0	1	0	0	0	0	0	0	1	0	0	0	0	0	1	0	0	0	0	1	0	1	0	0
379636at33208	1	1	1	1	1	1	1	1	1	1	1	1	1	1	1	1	1	1	1	1	1	1	0	1	1	1	1	1	1	1	1
379771at33208	1	1	1	1	1	1	1	1	1	0	1	1	1	1	1	1	1	1	1	1	1	1	1	1	1	1	1	1	1	1	1
380583at33208	1	1	1	1	1	1	0	1	1	0	1	0	1	1	1	0	0	0	1	0	0	0	0	1	1	1	1	1	1	1	0
381303at33208	1	0	0	0	0	0	0	0	0	1	0	0	0	0	0	1	0	0	0	1	0	1	0	1	0	0	1	1	1	0	1
382000at33208	1	0	0	1	0	1	1	0	1	0	1	1	0	0	1	1	0	0	0	0	1	0	0	1	0	0	1	1	0	0	0
382262at33208	1	1	1	1	1	1	1	1	1	0	1	1	1	1	1	1	1	1	1	1	0	0	1	1	1	1	1	1	1	1	1
382750at33208	1	1	1	1	1	1	1	1	1	1	1	1	1	1	1	1	1	1	1	1	1	1	1	1	1	1	1	1	1	1	1
383313at33208	0	0	0	0	0	0	0	0	0	0	0	0	0	0	1	1	0	0	0	0	0	1	0	0	0	0	0	1	1	0	0
384187at33208	1	1	1	1	1	1	1	1	1	1	1	1	1	1	1	1	1	1	1	1	1	1	0	1	1	1	1	1	1	1	1
386666at33208	1	1	1	1	1	1	1	1	1	0	1	1	1	1	1	1	0	0	1	1	1	1	1	1	1	1	1	1	1	1	1
387079at33208	1	1	0	0	0	0	0	0	1	0	0	1	1	1	1	1	0	0	0	0	1	1	0	1	1	0	1	0	0	1	1
387117at33208	1	1	1	1	1	0	1	1	1	0	1	1	1	1	1	1	1	0	0	1	1	1	1	1	1	1	1	1	1	0	1
387878at33208	1	1	1	1	1	1	1	1	1	1	1	1	1	1	0	1	1	0	1	1	0	1	1	1	0	1	1	1	0	0	1
389367at33208	1	1	1	1	1	1	1	0	1	1	1	1	1	1	1	1	0	1	1	1	0	0	0	1	1	1	1	1	1	0	1
389527at33208	1	1	1	1	1	1	1	1	1	1	1	1	1	1	1	1	1	1	1	1	1	1	1	1	1	1	1	1	1	1	1
389570at33208	1	1	1	1	1	1	1	1	1	1	1	1	1	1	1	1	1	1	1	1	1	1	0	1	1	1	1	1	1	1	1
389591at33208	1	1	1	1	1	1	1	1	1	1	1	1	1	1	1	1	0	0	1	0	0	1	1	1	0	1	1	1	0	0	0
390192at33208	1	1	1	1	1	1	1	0	1	1	1	1	1	1	1	1	1	1	1	1	0	1	1	1	1	1	1	1	1	1	1
390402at33208	1	1	1	1	1	1	1	1	1	1	1	1	1	0	1	1	1	1	0	1	1	1	0	1	1	0	1	1	1	1	1
391896at33208	1	1	1	1	1	1	0	1	1	1	1	1	1	1	1	1	1	1	1	1	1	1	0	1	1	1	1	1	1	0	1
393219at33208	1	1	1	1	0	1	0	0	1	1	1	1	1	1	1	0	1	1	1	0	0	0	1	1	1	1	1	0	1	1	1
393291at33208	1	1	1	1	0	1	1	1	1	1	0	1	1	1	1	1	1	1	0	1	1	1	1	1	1	1	1	0	1	0	1
393419at33208	1	1	1	1	1	1	0	1	1	1	1	1	1	1	1	0	1	1	1	0	1	0	1	1	1	0	1	1	1	0	1
393895at33208	1	1	1	1	1	1	1	0	1	1	1	1	1	1	1	1	1	1	0	1	1	1	0	1	1	1	1	1	1	1	1
395147at33208	1	1	1	1	1	1	1	1	1	1	1	1	1	1	1	1	1	1	1	1	1	1	1	1	1	1	0	1	1	1	1
395183at33208	1	1	1	1	1	1	1	1	1	1	1	1	1	1	1	1	1	1	1	0	1	1	1	1	1	1	1	1	1	1	1
395556at33208	1	1	1	1	1	1	1	1	1	1	1	1	1	1	1	1	1	1	1	1	1	1	0	1	1	1	1	1	1	1	1
395919at33208	1	1	1	1	1	1	1	1	0	0	1	1	1	1	1	1	1	1	0	1	1	1	1	1	1	1	1	1	1	1	0
395948at33208	0	1	1	1	1	1	1	0	1	1	1	1	1	1	1	1	1	1	1	1	0	1	0	1	0	1	1	1	1	1	1
396237at33208	0	0	0	0	0	0	0	0	1	0	0	0	0	0	0	1	0	0	0	0	0	1	0	1	0	0	0	0	1	0	1
397019at33208	1	1	1	1	1	1	1	1	1	1	1	0	1	1	1	0	1	1	1	0	1	1	1	1	1	1	0	0	1	0	1
397659at33208	1	1	1	1	0	1	1	1	1	1	1	1	1	1	1	1	1	1	0	1	0	1	0	1	1	1	1	1	1	1	1
398013at33208	1	1	1	1	1	1	1	1	1	1	1	1	1	1	1	1	1	1	1	1	1	0	1	1	1	1	1	1	1	1	1
398202at33208	0	1	1	1	1	1	0	1	1	1	1	1	1	1	1	1	0	1	0	1	0	1	0	1	1	1	1	1	1	0	1
398607at33208	1	0	0	0	0	0	1	0	1	1	0	0	0	0	1	1	1	1	1	1	1	0	0	1	0	0	1	1	0	0	1
399092at33208	0	1	1	1	0	1	0	1	1	1	1	1	1	1	1	1	1	1	1	1	0	0	0	1	1	1	1	1	1	1	1
399439at33208	0	0	0	0	0	0	0	0	0	0	0	0	0	0	1	0	0	0	0	0	0	1	0	0	0	0	0	0	0	0	0
400042at33208	1	1	1	1	1	1	1	1	1	0	1	1	1	1	1	1	1	1	1	1	1	0	1	1	1	1	1	0	1	1	1
401196at33208	1	1	1	1	0	1	1	1	1	1	1	1	1	1	1	1	1	1	0	1	1	1	1	1	1	0	1	0	1	1	0
401220at33208	1	1	1	1	1	1	1	1	1	1	1	1	1	1	1	1	1	1	1	0	1	0	1	1	1	1	0	1	1	1	0
401679at33208	1	0	0	0	0	0	0	0	0	0	0	0	0	0	1	0	0	0	0	0	0	0	0	1	0	0	1	0	1	1	0
401779at33208	1	1	1	1	1	1	1	1	1	1	1	1	1	1	1	1	1	1	1	1	1	1	1	1	1	1	1	1	1	1	1
40200at33208	1	1	1	1	1	1	1	1	0	0	1	1	1	1	1	0	1	1	1	1	1	1	1	1	1	1	1	0	1	1	1
403171at33208	1	0	1	1	0	1	1	0	1	1	1	1	1	1	1	1	1	1	0	0	1	1	0	1	1	1	1	1	1	1	1
403817at33208	1	0	0	0	1	1	1	1	1	1	1	0	1	0	0	0	0	0	1	1	0	0	0	1	0	1	1	1	0	0	1
404988at33208	0	1	1	1	0	1	1	1	1	0	0	1	1	1	1	1	0	0	1	0	0	1	1	1	1	0	0	0	1	1	0
405257at33208	1	1	1	1	1	1	1	1	1	1	1	1	1	1	1	1	1	1	1	1	1	1	0	1	1	1	1	1	1	0	1
406927at33208	1	1	1	1	0	1	1	1	1	1	1	1	1	1	1	1	1	1	1	1	1	1	1	1	1	1	1	1	1	1	1
407472at33208	1	1	1	1	1	1	1	1	1	1	1	1	1	1	1	1	1	1	1	1	1	1	0	1	1	1	1	1	0	1	1
409006at33208	0	1	1	1	1	1	1	1	1	0	1	1	1	1	1	0	0	0	1	0	1	0	1	1	0	1	1	0	0	0	0
409186at33208	1	1	1	1	0	1	1	1	1	1	1	1	1	1	1	0	1	1	1	1	1	1	1	1	1	1	1	0	1	1	1
411515at33208	1	1	1	1	1	1	1	1	1	1	1	1	1	0	1	1	1	0	1	1	1	1	1	1	1	1	1	1	1	1	1
411664at33208	0	1	1	1	1	1	0	1	1	1	1	1	1	1	0	1	0	0	1	0	0	1	1	0	0	1	1	0	0	0	1
411755at33208	1	1	1	1	1	1	1	1	1	1	1	1	1	1	1	1	1	1	0	1	0	1	0	1	1	1	1	1	1	1	1
412370at33208	1	0	1	1	0	1	1	1	1	1	0	1	1	1	1	1	0	1	1	1	1	1	0	1	1	1	1	1	1	1	0
412542at33208	1	1	1	1	1	1	1	1	1	1	1	1	1	1	1	1	1	1	1	1	1	1	1	1	1	1	1	1	1	1	1
412930at33208	1	0	0	0	0	0	1	0	0	1	0	0	0	0	1	1	1	0	1	0	1	1	0	1	0	0	1	1	1	0	1
413334at33208	1	1	0	1	1	1	0	0	1	0	1	1	0	1	1	0	1	1	0	0	1	1	1	1	0	0	1	1	1	1	0
414001at33208	1	1	1	1	1	1	1	1	1	1	1	1	1	0	1	1	0	0	0	1	1	0	1	1	1	1	1	0	1	1	1
414571at33208	1	1	1	1	1	1	1	1	1	1	1	1	1	1	1	1	1	1	1	1	1	1	1	1	1	1	1	1	1	1	1
414579at33208	1	1	1	1	1	1	1	1	1	0	1	1	1	1	1	1	1	0	0	0	0	0	0	0	1	0	1	0	1	1	1
414603at33208	1	1	1	1	1	1	1	1	1	0	1	1	1	1	1	1	1	1	0	1	0	1	1	0	1	1	0	1	1	1	0
415618at33208	1	1	1	1	1	1	1	0	1	1	1	1	1	1	1	1	1	1	0	0	0	0	1	1	1	1	1	1	1	1	1
416175at33208	1	1	1	1	1	1	1	1	1	1	1	1	1	1	1	1	1	1	1	1	0	1	0	1	1	1	1	1	0	1	1
418979at33208	1	0	1	1	1	1	1	1	1	1	1	1	1	1	1	1	1	1	1	1	0	0	0	1	0	1	1	1	1	1	1
419502at33208	1	1	1	1	1	1	1	0	1	1	1	1	1	1	1	1	1	1	1	1	1	1	1	1	1	1	1	1	1	0	1
419914at33208	1	0	1	1	0	1	1	1	1	1	1	1	0	1	1	1	0	1	0	1	1	0	0	0	1	1	0	0	0	0	0
421396at33208	1	1	1	1	1	1	1	1	1	1	1	1	1	1	1	1	1	1	1	1	1	1	1	0	1	1	1	1	1	1	1
421685at33208	1	1	1	1	1	1	1	1	1	1	1	1	1	1	1	1	0	1	1	1	1	0	1	1	1	0	1	1	1	1	1
421732at33208	0	0	0	0	0	1	0	0	1	0	0	0	0	0	1	0	0	0	0	0	0	0	0	0	0	0	0	0	0	0	1
422158at33208	1	1	1	1	1	0	1	1	1	0	1	1	1	1	1	1	0	0	1	1	1	1	1	1	1	1	0	1	1	1	0
422751at33208	1	1	1	1	1	1	1	1	1	1	1	1	1	1	1	1	1	1	1	1	1	1	0	1	1	1	1	1	1	1	1
423799at33208	1	1	1	1	1	1	1	1	1	1	1	1	1	1	1	1	1	0	1	1	1	1	0	1	1	1	1	1	1	1	1
423848at33208	1	1	1	1	1	1	1	0	0	1	1	1	1	1	1	1	1	1	1	1	0	0	0	1	1	1	0	0	0	0	0
424392at33208	1	1	1	1	1	1	1	0	0	0	1	1	1	1	0	1	1	0	1	1	0	0	1	1	1	1	0	1	0	0	0
424569at33208	1	1	1	1	1	1	1	1	1	1	1	1	1	1	1	1	0	1	1	1	1	1	0	1	1	1	1	1	1	1	1
424646at33208	1	0	0	1	0	0	0	0	1	1	0	0	0	0	0	0	0	0	1	1	0	1	0	1	0	0	0	0	1	0	0
427349at33208	1	1	1	1	1	1	1	1	1	1	1	1	1	1	1	1	1	1	1	1	1	1	1	1	1	1	1	1	1	1	1
427789at33208	1	1	1	1	1	1	1	1	1	1	1	1	1	1	1	1	1	1	1	1	1	0	1	1	1	1	1	1	1	1	1
428202at33208	1	1	1	1	1	1	1	1	1	1	1	1	1	1	1	1	1	1	1	1	1	1	1	1	1	1	1	1	1	1	1
428754at33208	0	0	0	0	0	0	0	0	1	0	0	0	0	0	0	0	0	0	1	0	0	0	0	1	0	0	1	0	1	0	0
429011at33208	0	0	0	0	0	0	1	0	0	0	0	0	0	0	0	1	0	0	0	0	1	0	0	1	0	0	1	0	0	0	0
429274at33208	1	1	0	1	1	1	1	1	1	1	1	1	1	1	1	1	0	0	1	0	1	0	1	0	1	1	1	1	1	1	0
429751at33208	1	0	1	1	1	1	0	0	1	1	1	1	1	0	0	1	1	1	1	0	0	0	0	0	1	0	0	0	0	0	0
430701at33208	0	1	1	0	0	0	0	0	1	0	1	1	0	1	1	0	0	0	0	0	0	1	0	0	0	0	0	1	1	0	0
432050at33208	1	1	1	1	1	1	1	1	1	1	1	1	1	1	1	1	1	1	0	1	1	1	1	1	1	1	1	1	1	1	1
432155at33208	1	1	1	1	1	1	0	1	0	1	1	1	1	1	1	1	1	1	1	1	1	1	1	1	1	1	1	1	0	0	1
432287at33208	0	0	0	0	0	0	1	0	0	0	0	0	0	0	0	0	0	0	0	0	0	1	0	0	0	0	1	0	0	0	0
432522at33208	0	0	0	0	0	0	1	0	0	0	0	0	0	0	1	0	0	0	0	0	0	1	0	0	0	0	1	0	0	0	0
433216at33208	1	1	1	1	1	1	0	1	1	1	1	1	1	1	1	0	1	0	0	1	0	0	1	0	1	1	0	0	0	0	0
433606at33208	1	0	0	0	0	0	1	0	0	0	0	0	0	0	1	1	0	0	1	1	0	1	0	0	0	0	1	1	1	1	0
434068at33208	1	1	1	1	1	1	1	1	1	0	1	1	1	1	1	1	1	1	0	1	1	1	1	1	1	1	1	0	1	1	1
434863at33208	1	1	1	1	1	1	1	1	1	1	1	1	1	1	1	1	0	1	1	1	1	1	0	1	1	1	1	1	1	1	1
435253at33208	0	0	0	0	0	0	0	0	0	0	0	0	0	0	0	0	0	0	0	0	0	0	0	0	0	0	0	0	0	0	0
435678at33208	1	1	1	1	1	1	1	0	1	1	1	1	1	1	1	1	1	1	0	1	1	1	1	1	1	1	1	0	1	1	1
435921at33208	1	1	1	1	1	1	1	1	1	1	1	0	1	1	1	1	1	1	0	1	1	1	1	0	1	1	1	1	1	0	1
435939at33208	1	1	1	1	1	1	0	1	1	1	1	1	1	1	1	1	0	0	0	1	1	0	0	1	1	0	1	1	1	1	1
436007at33208	1	1	1	1	1	1	1	1	1	1	1	1	1	1	1	1	1	1	0	1	1	1	1	1	1	1	1	1	1	1	1
436098at33208	1	1	1	1	1	1	1	1	1	1	1	1	1	1	1	1	1	0	1	1	1	1	1	1	1	1	1	1	0	1	1
436539at33208	0	0	0	0	0	0	1	0	1	0	0	0	0	0	1	1	0	0	0	0	0	1	0	0	0	0	0	0	0	0	0
437653at33208	1	1	1	1	1	1	1	0	1	1	1	1	1	1	1	1	1	1	1	1	1	1	1	1	1	1	1	1	1	0	1
438133at33208	1	1	1	1	1	1	1	1	1	1	1	1	1	1	1	1	1	1	0	1	1	1	1	1	1	1	1	1	1	1	1
438433at33208	1	1	1	1	1	1	1	1	1	1	1	1	1	1	1	1	1	1	1	1	1	1	1	1	1	1	1	1	1	1	1
438453at33208	1	1	1	1	1	1	1	1	1	0	1	1	1	1	1	1	1	1	1	1	1	1	1	1	1	1	1	1	1	0	1
439736at33208	1	1	1	1	1	1	1	1	1	1	1	1	1	1	1	0	1	1	1	0	1	1	1	1	1	1	0	1	1	0	0
440195at33208	1	1	1	1	1	1	1	0	1	1	1	1	1	1	1	1	1	1	0	0	1	1	1	1	1	1	1	1	1	1	1
440493at33208	1	1	1	1	0	1	1	1	1	0	1	1	1	1	0	1	0	1	0	1	0	0	1	1	1	1	1	1	1	0	0
441575at33208	1	1	1	1	1	1	1	0	1	1	1	1	1	1	1	1	1	1	1	1	1	1	1	1	1	1	1	1	1	1	1
442169at33208	0	0	0	0	0	0	0	0	1	0	0	0	0	0	0	0	0	0	1	0	0	0	0	0	0	0	0	0	0	0	1
442203at33208	1	1	1	1	1	1	1	1	1	1	1	1	1	1	1	1	1	1	0	1	1	1	1	1	1	1	1	1	1	1	1
442823at33208	1	1	1	1	1	1	1	1	1	1	1	1	1	1	1	1	1	1	0	1	1	1	1	1	1	1	1	1	1	1	0
443305at33208	1	0	1	0	0	1	1	0	1	0	1	1	1	0	0	1	0	1	1	0	0	1	0	0	0	0	1	1	1	1	0
443518at33208	1	1	0	1	1	1	1	0	1	1	1	1	1	1	1	1	1	1	1	1	0	1	1	1	1	1	1	1	1	0	1
443659at33208	1	0	1	1	0	0	1	0	1	1	1	1	1	0	1	1	1	1	1	1	1	0	0	1	1	1	1	1	1	1	1
443928at33208	1	1	1	1	1	1	1	0	1	1	1	1	1	1	1	1	1	1	1	1	1	1	1	1	1	1	1	1	1	0	1
444160at33208	1	1	1	1	1	1	1	1	1	1	1	1	1	1	1	1	1	1	0	1	1	0	1	1	1	1	1	1	1	1	1
444231at33208	0	1	1	0	0	0	1	0	0	0	0	0	0	1	0	1	0	0	1	0	1	0	0	1	0	0	0	1	0	1	1
445031at33208	0	1	1	1	0	1	1	0	1	1	1	1	0	1	0	0	0	0	0	1	0	0	1	1	1	1	1	0	1	0	0
445034at33208	1	1	1	1	1	1	1	0	1	1	1	1	1	0	1	1	1	1	0	1	0	1	1	1	1	1	1	1	1	1	0
445091at33208	1	1	1	1	1	1	1	1	1	1	1	1	1	1	1	1	1	1	1	1	1	1	1	1	1	1	1	1	1	1	1
446000at33208	1	1	1	0	1	1	1	0	1	1	0	1	1	1	1	1	1	1	1	1	1	1	0	1	1	1	1	1	1	0	1
446031at33208	1	1	1	1	1	1	1	1	1	1	1	1	1	1	1	1	1	1	1	0	1	1	0	1	1	1	1	1	0	1	1
447320at33208	0	1	1	1	1	1	1	0	1	0	1	1	1	1	1	1	0	0	0	0	0	0	1	0	1	1	0	0	1	0	0
447400at33208	1	0	0	0	0	0	1	0	1	0	0	0	0	0	1	1	1	0	1	1	1	0	0	1	0	0	1	1	0	0	1
448196at33208	1	1	1	1	0	1	1	0	1	1	1	1	1	1	1	1	0	1	1	1	0	1	0	1	1	1	1	1	1	1	1
448514at33208	0	0	0	0	0	0	1	0	0	0	0	0	0	0	0	0	0	0	0	0	0	1	0	0	0	0	0	0	1	0	0
449056at33208	0	1	1	1	0	1	0	0	0	0	1	1	1	1	1	1	0	0	0	0	0	0	0	0	1	1	0	1	1	0	0
449139at33208	0	0	0	0	0	0	1	0	0	0	0	0	0	0	0	1	0	0	0	0	0	0	0	0	0	0	0	0	0	1	0
449189at33208	1	1	1	1	1	1	1	1	1	1	1	1	1	1	1	1	1	1	1	0	1	1	1	1	1	1	1	1	1	1	1
450643at33208	0	0	0	0	0	1	1	0	1	0	0	0	0	0	1	1	0	0	1	0	0	0	0	0	0	0	0	1	0	1	0
450785at33208	1	1	1	1	1	1	0	1	1	1	1	1	1	1	1	1	1	1	1	1	0	1	0	0	1	1	1	1	0	1	1
451242at33208	1	1	1	1	1	1	1	1	1	0	1	1	0	1	1	1	1	1	0	0	1	0	1	1	1	1	1	1	1	0	0
451957at33208	1	1	1	1	1	1	1	1	1	1	1	1	1	1	1	1	1	1	1	1	1	1	1	1	1	1	1	1	1	1	1
452208at33208	1	1	1	1	1	1	1	1	1	0	1	1	1	1	1	1	1	0	1	0	0	1	1	1	1	1	1	1	1	1	1
452499at33208	1	1	1	1	1	1	1	1	1	1	1	1	1	1	1	1	1	1	1	1	1	1	1	1	1	1	1	1	1	0	1
452574at33208	1	1	1	0	0	0	1	0	1	1	0	0	1	0	1	1	0	0	0	0	1	0	0	1	1	1	1	1	1	0	1
453049at33208	0	1	1	1	1	1	0	0	0	0	1	1	0	1	1	0	0	1	0	0	0	1	1	1	1	1	0	0	1	1	0
453052at33208	1	1	1	1	1	1	1	0	0	1	1	1	1	1	0	1	1	0	0	1	0	0	1	1	1	1	0	0	1	1	0
453056at33208	1	1	0	0	0	1	0	1	0	0	1	1	1	1	1	1	0	0	0	0	0	0	0	1	1	1	1	1	0	1	0
453687at33208	1	1	1	1	1	1	1	0	1	1	1	1	1	1	1	1	1	0	1	1	0	1	1	1	1	1	1	1	0	1	0
454911at33208	1	1	1	1	1	1	1	1	1	1	1	1	1	1	1	1	0	0	0	1	0	0	0	1	1	1	1	0	0	1	0
455512at33208	0	0	0	0	0	0	1	0	1	1	0	0	0	0	1	1	0	1	1	1	0	1	0	1	0	0	1	1	1	0	1
455941at33208	1	1	1	1	1	1	1	1	1	1	1	1	1	1	1	1	1	1	1	1	1	1	1	1	1	1	1	1	1	1	1
456998at33208	0	1	1	1	1	1	0	1	1	0	1	1	1	1	0	1	1	0	1	0	1	0	1	1	1	1	0	1	0	1	0
457777at33208	1	1	1	1	1	1	1	1	1	0	1	1	1	1	1	1	1	0	1	1	1	1	1	1	1	1	1	1	1	1	1
458807at33208	0	1	1	1	1	1	1	1	1	1	1	1	1	1	1	1	1	1	1	0	1	1	0	1	1	0	1	1	1	1	1
458974at33208	1	0	1	1	1	1	1	1	1	1	1	1	1	1	1	1	1	1	1	1	1	1	1	1	1	1	1	1	1	1	1
458988at33208	1	1	1	1	1	1	1	1	1	1	1	1	1	1	1	1	1	1	1	1	1	1	0	1	1	1	1	1	1	1	1
459253at33208	1	1	1	1	1	1	1	0	0	0	1	1	1	1	1	1	1	1	1	1	1	1	0	0	1	1	1	1	1	1	0
45934at33208	1	1	1	1	1	1	1	1	1	1	1	1	1	1	1	1	1	1	1	1	1	1	1	1	1	1	1	1	0	0	1
460044at33208	1	0	1	1	1	1	0	1	1	0	0	1	1	1	0	0	0	1	0	0	0	0	1	1	1	1	0	0	0	0	0
460518at33208	1	1	1	1	1	1	1	1	1	1	1	1	1	0	1	1	1	0	1	1	1	1	1	1	1	1	1	1	1	0	1
461123at33208	1	0	1	0	0	0	1	1	1	1	1	0	0	0	1	1	1	1	0	1	1	1	0	1	0	0	1	1	1	1	1
461193at33208	1	1	1	1	1	1	1	1	1	1	1	1	1	1	1	1	1	1	1	1	1	1	1	1	1	1	1	1	1	1	1
462325at33208	1	1	1	1	1	1	1	1	1	1	1	1	1	1	1	1	1	1	1	1	1	1	1	1	1	1	1	1	1	1	1
462897at33208	1	1	1	1	1	1	1	1	0	1	1	1	1	1	1	1	1	1	0	1	1	1	1	1	1	1	1	1	1	1	1
463071at33208	0	1	1	0	1	1	1	1	1	0	1	1	1	1	0	1	0	0	1	0	1	1	0	1	1	1	0	0	0	0	0
464204at33208	1	0	0	0	0	0	1	0	1	0	0	0	0	0	1	1	1	0	0	0	0	0	0	0	0	0	0	1	0	0	1
464243at33208	0	0	0	0	0	0	0	0	0	0	0	0	0	0	0	0	0	0	0	0	0	0	0	0	0	0	0	0	0	0	0
464286at33208	0	1	1	1	1	1	1	1	1	0	1	1	1	1	1	0	0	0	0	0	0	1	1	0	1	1	0	0	1	1	1
464312at33208	1	1	1	1	1	1	1	0	1	1	1	1	1	1	1	1	1	1	1	1	1	0	1	1	1	1	1	1	1	0	1
464987at33208	1	1	1	1	1	1	1	1	1	1	1	1	1	1	1	1	1	1	1	1	1	1	1	1	1	1	1	1	1	1	1
465092at33208	1	1	1	1	1	1	1	0	1	1	1	1	1	1	1	1	1	1	0	1	0	1	1	1	1	1	1	1	1	1	1
465401at33208	0	1	1	1	1	1	0	1	1	0	1	1	1	1	0	0	1	0	1	1	0	1	1	1	1	1	1	0	1	0	0
465512at33208	1	1	1	1	1	1	1	1	1	0	1	1	1	1	1	1	1	1	1	1	1	1	0	1	1	1	1	1	1	1	1
465651at33208	1	0	0	0	0	0	0	0	1	1	0	0	0	0	1	1	1	1	1	1	0	0	0	1	0	0	1	1	1	1	0
465703at33208	1	1	0	0	1	1	1	0	0	0	1	1	1	0	1	1	0	1	0	0	1	1	1	1	1	0	1	1	1	0	0
465933at33208	1	1	1	1	1	1	1	1	1	1	1	1	1	1	1	1	1	1	1	1	1	0	0	1	1	1	1	1	1	0	1
466616at33208	1	1	1	1	1	1	1	1	1	1	1	1	1	1	1	1	1	1	0	1	1	1	1	1	0	1	1	1	1	1	1
466942at33208	0	0	1	0	0	0	0	0	0	0	0	0	0	0	1	1	0	0	0	0	1	1	0	1	0	0	1	0	1	1	0
467106at33208	1	1	1	1	1	0	1	1	1	1	1	1	1	1	1	1	1	1	1	1	1	1	1	1	1	1	1	1	1	1	1
467142at33208	1	1	1	1	1	1	1	1	1	0	1	1	1	1	1	1	1	0	1	1	1	0	1	1	1	1	1	1	0	1	1
467744at33208	1	1	1	1	1	1	1	0	1	1	1	1	1	1	0	1	1	1	0	1	0	1	1	1	1	1	0	1	1	0	0
468248at33208	1	1	1	1	1	1	0	1	1	1	1	1	1	1	1	1	1	1	1	0	0	1	1	1	1	1	1	0	1	1	1
468359at33208	1	1	1	1	1	1	1	0	1	1	0	1	1	1	1	1	1	1	1	1	0	0	0	1	1	1	1	1	0	1	1
468631at33208	0	1	1	1	1	1	1	1	1	1	1	1	1	1	1	1	1	1	0	1	1	0	1	1	1	0	1	1	0	1	1
468710at33208	0	1	1	1	1	1	1	0	1	1	1	1	1	1	1	1	0	1	1	1	1	1	1	0	1	1	0	1	1	0	1
468757at33208	1	1	1	1	1	1	1	1	1	1	1	1	1	1	1	1	0	1	1	1	1	1	1	1	1	1	1	1	1	1	1
469367at33208	1	1	1	1	1	1	1	1	1	1	1	1	1	1	1	1	1	1	1	1	1	1	1	1	1	1	1	1	1	1	1
470197at33208	0	0	0	0	0	0	0	0	0	0	0	0	0	0	0	0	0	0	0	0	0	0	0	0	0	0	0	0	0	0	0
470523at33208	1	1	1	1	1	1	1	1	1	1	1	1	1	1	1	1	1	1	1	1	1	1	1	1	1	1	1	1	1	1	1
471608at33208	1	1	1	1	1	1	1	1	1	1	1	1	1	1	0	1	1	1	1	1	1	0	1	1	1	1	1	1	1	1	1
471787at33208	1	1	1	1	1	1	1	1	1	1	1	1	1	1	1	1	1	1	1	1	1	1	0	1	1	1	1	1	1	1	1
472313at33208	1	1	1	1	1	1	1	1	1	1	1	1	1	1	1	1	1	1	0	1	1	1	1	1	1	1	1	1	1	1	1
472352at33208	0	0	0	0	0	0	0	0	0	0	0	0	0	0	1	0	0	0	0	0	0	0	0	0	0	0	1	1	0	0	0
473106at33208	1	1	1	0	1	1	1	1	1	1	0	1	1	1	1	1	1	1	1	1	1	1	1	1	1	1	1	1	1	1	1
474144at33208	1	1	1	1	1	1	1	1	1	1	1	1	1	1	1	1	1	1	1	1	1	0	0	1	0	1	1	1	1	0	1
474302at33208	0	0	0	0	0	0	0	0	0	0	0	0	0	0	0	0	0	0	0	0	0	0	0	0	0	0	0	0	0	0	0
474387at33208	1	1	1	1	1	1	1	1	1	1	1	1	1	1	1	1	1	1	0	1	1	1	1	1	1	1	1	1	1	1	1
475826at33208	1	1	1	1	1	1	1	1	1	0	1	1	1	1	1	1	1	1	1	1	1	1	0	1	1	1	1	1	1	1	1
476036at33208	1	1	1	1	1	1	1	1	1	1	1	1	1	1	1	1	1	1	1	1	1	1	1	1	1	1	1	1	1	0	1
477052at33208	1	1	1	1	0	1	1	1	0	0	1	1	1	1	0	1	1	1	0	0	0	0	1	0	1	1	1	1	1	0	0
477939at33208	1	1	1	1	1	1	1	1	1	1	1	1	1	1	1	0	1	1	1	0	0	1	1	1	1	1	1	1	1	1	1
477998at33208	1	0	0	0	0	0	1	0	0	0	0	0	0	0	1	0	0	0	1	0	0	1	0	0	0	0	1	0	1	1	0
478073at33208	1	1	1	1	1	1	1	1	1	1	1	1	1	1	1	1	1	1	0	1	1	1	0	1	1	1	1	1	0	1	1
478984at33208	1	1	1	1	1	1	1	1	1	1	1	1	1	1	1	1	1	1	0	1	1	0	0	1	1	1	1	1	0	1	0
480700at33208	1	0	0	0	0	0	1	0	0	0	0	0	0	0	0	1	0	0	0	1	0	1	0	0	0	0	0	0	1	1	0
480735at33208	1	1	1	1	1	1	1	1	1	1	1	1	1	1	1	1	1	1	0	1	1	0	1	1	1	1	1	1	1	1	1
481557at33208	1	0	0	0	0	0	1	0	1	1	0	0	0	0	1	1	1	1	1	1	1	1	0	1	0	1	1	1	1	1	1
482691at33208	1	1	1	1	1	1	1	1	1	1	1	1	1	1	1	1	1	1	0	1	1	0	1	1	1	1	1	1	0	0	1
483489at33208	1	1	1	1	1	1	1	1	1	1	1	1	1	1	1	1	1	1	1	1	1	1	1	1	1	1	1	1	1	1	0
485003at33208	0	1	1	1	1	1	1	1	1	0	1	1	1	1	1	1	1	1	0	1	0	1	0	1	1	1	1	1	1	0	1
485696at33208	1	0	0	0	0	0	1	0	1	1	0	0	0	0	1	1	1	1	1	1	1	1	0	1	0	0	1	0	0	0	1
486370at33208	1	1	1	1	1	1	1	1	1	1	1	1	1	1	1	1	1	1	1	1	1	1	1	1	1	1	1	1	0	0	1
486431at33208	1	1	1	1	1	1	1	1	1	1	1	1	1	1	1	1	1	1	1	1	1	1	1	1	1	1	1	1	1	1	1
486743at33208	1	1	1	1	1	1	1	1	1	0	1	1	1	1	1	1	0	0	0	1	0	1	0	1	1	1	1	0	1	1	0
486993at33208	1	1	1	1	1	1	1	0	1	1	1	1	1	0	1	1	1	1	1	1	1	1	1	1	1	1	1	1	1	1	1
487873at33208	0	0	1	1	1	0	1	0	0	0	1	0	0	0	1	1	0	0	0	1	0	0	0	0	1	0	1	0	0	1	0
487987at33208	0	1	1	1	1	1	0	1	1	1	1	1	1	1	1	1	1	1	1	0	0	1	1	1	1	0	1	0	1	1	0
488559at33208	1	1	1	1	1	1	1	1	1	1	1	1	1	1	1	1	1	0	1	0	0	1	0	0	1	1	0	0	1	1	1
488635at33208	1	1	1	1	1	1	1	1	1	1	1	0	1	1	1	0	0	0	0	1	1	0	0	1	1	1	1	0	0	1	1
489359at33208	0	1	1	1	1	1	1	1	1	1	1	1	1	1	1	1	1	0	0	0	1	0	1	1	1	0	1	0	0	0	1
489858at33208	1	1	1	1	1	1	1	1	1	0	1	1	1	1	1	1	1	0	1	1	0	0	1	1	1	1	1	0	1	0	0
489997at33208	0	0	0	0	0	1	0	0	1	0	1	1	0	0	1	1	0	0	0	0	0	0	0	0	1	0	0	0	0	0	0
490248at33208	1	1	1	1	1	1	1	1	1	1	1	1	1	1	1	1	1	1	1	1	1	1	1	1	1	1	1	0	1	0	1
490961at33208	0	0	0	1	0	0	0	0	0	0	0	0	0	0	0	0	0	0	0	0	0	0	1	1	0	0	0	1	0	0	0
491252at33208	1	1	0	1	1	1	1	0	1	0	1	1	1	1	1	1	1	0	1	1	1	1	1	0	1	1	1	1	0	0	1
491289at33208	1	1	1	1	1	1	1	0	1	1	1	1	1	1	1	1	1	1	0	1	0	1	1	1	1	1	1	1	0	0	1
492033at33208	1	1	1	1	1	1	1	1	1	1	1	1	1	1	1	1	1	0	1	1	1	0	0	1	1	1	1	1	1	1	1
493148at33208	1	1	1	1	1	1	1	1	1	1	1	1	1	1	1	1	0	0	1	1	1	0	1	1	1	1	1	1	1	1	0
493505at33208	1	0	0	0	0	0	1	0	0	0	0	0	0	0	0	1	0	0	0	1	0	1	0	1	0	0	0	0	0	0	0
493913at33208	1	1	1	1	1	1	1	0	1	1	1	1	1	1	1	1	1	1	1	1	1	1	1	1	1	1	1	1	1	1	1
494057at33208	1	1	1	1	1	1	1	0	1	0	1	1	1	1	1	1	1	1	1	1	1	1	1	1	1	1	1	1	0	0	0
49474at33208	1	1	1	1	1	1	1	1	1	1	1	1	1	1	1	1	1	1	1	1	1	1	1	1	1	1	1	1	1	1	1
495100at33208	1	1	1	1	1	1	1	1	1	1	1	1	1	1	1	1	1	1	1	1	1	1	1	1	0	1	1	1	1	1	1
495175at33208	1	1	1	1	1	1	1	1	0	1	1	1	1	1	1	1	1	1	1	1	1	1	0	1	1	1	1	1	1	1	1
495207at33208	1	1	1	1	1	1	1	1	1	1	1	1	1	1	1	1	1	1	0	1	1	1	1	1	1	1	1	1	1	1	1
495311at33208	1	1	1	1	1	1	1	1	1	1	1	1	1	1	1	1	1	1	0	1	0	1	1	1	1	1	0	0	1	1	1
495329at33208	0	0	0	0	0	0	0	0	0	0	0	0	0	0	0	0	0	0	0	0	0	1	0	0	0	0	0	0	1	0	0
495389at33208	1	1	1	1	1	1	1	1	1	1	1	1	1	1	1	1	1	1	1	1	1	0	1	1	1	1	1	0	1	1	1
495605at33208	1	1	1	1	1	1	1	1	1	1	1	1	1	1	1	1	1	1	1	1	1	1	1	1	1	1	1	1	1	1	1
495802at33208	1	1	1	1	1	1	1	1	1	1	1	1	1	1	1	1	0	0	0	1	0	1	1	1	1	1	1	1	0	0	0
495926at33208	1	1	0	0	0	1	1	1	1	1	1	0	0	1	1	1	1	1	1	1	0	1	0	0	0	0	1	0	0	0	1
496070at33208	1	1	1	1	1	1	1	0	1	1	1	1	1	1	1	1	0	0	1	0	0	1	0	1	1	0	1	0	1	1	1
496219at33208	1	1	1	1	1	1	1	0	1	1	1	1	1	1	1	1	1	0	1	1	1	1	0	1	1	1	1	1	0	0	1
498535at33208	1	1	1	1	1	1	1	1	1	1	1	1	1	1	1	1	1	1	1	1	1	1	1	1	1	1	1	1	1	1	1
500261at33208	1	1	1	1	0	1	1	0	1	1	1	1	1	1	1	1	1	1	1	1	1	1	1	1	1	1	1	1	1	1	1
500808at33208	1	0	0	0	0	0	0	0	1	0	0	0	0	0	0	0	1	1	1	0	0	1	0	1	0	0	1	0	0	1	0
501396at33208	1	1	1	0	1	1	1	0	1	1	1	1	1	1	0	0	0	0	0	1	1	0	1	1	1	0	1	1	1	1	1
501546at33208	1	1	1	1	1	1	1	1	0	0	1	1	0	1	0	1	0	0	0	1	0	1	1	1	1	1	0	0	1	0	0
501788at33208	1	1	1	1	1	1	1	1	1	0	1	1	1	1	1	1	0	1	0	1	1	1	0	1	1	1	0	1	1	1	0
502128at33208	1	0	0	0	0	0	0	0	0	0	0	0	0	0	1	1	1	0	1	0	1	1	0	1	0	0	1	1	1	1	0
502407at33208	1	1	1	1	1	1	1	1	1	1	1	1	1	1	1	1	1	1	1	1	1	0	0	1	1	1	1	1	1	0	1
502429at33208	1	1	1	1	1	1	1	0	1	0	1	1	1	1	1	1	1	1	0	1	0	1	1	1	1	1	1	1	0	0	1
502584at33208	0	0	0	0	0	0	0	0	0	0	0	0	0	0	0	0	0	0	0	0	0	0	0	0	0	0	0	0	0	0	0
502691at33208	1	1	1	1	1	1	1	1	1	1	1	1	1	1	1	1	1	1	0	1	0	0	0	1	1	1	1	1	1	1	1
503333at33208	1	1	1	1	1	1	1	1	1	1	1	1	1	1	1	1	1	1	1	1	1	1	1	1	1	1	1	1	1	1	1
503828at33208	1	1	1	1	1	1	1	0	1	0	1	1	1	1	1	1	0	0	0	1	0	1	0	1	1	1	0	0	1	0	0
504207at33208	1	1	1	1	1	1	1	1	1	0	1	1	1	1	1	1	1	1	1	1	1	0	1	1	1	1	1	1	1	1	1
504292at33208	1	1	1	1	1	1	1	0	1	1	1	1	1	1	1	1	1	1	1	1	1	1	1	1	1	1	1	0	1	0	1
504691at33208	0	0	0	0	0	0	0	0	1	0	0	0	0	0	0	0	0	0	1	0	0	0	0	0	0	0	0	0	0	0	0
504731at33208	1	1	1	1	1	1	1	1	1	1	1	1	1	1	1	1	1	1	1	1	1	1	1	1	1	1	1	1	1	1	1
504912at33208	1	1	1	1	1	1	1	1	1	0	1	1	1	1	1	1	1	1	1	1	1	1	1	1	1	1	1	1	1	1	1
505248at33208	1	1	1	1	0	1	1	1	1	1	0	1	1	1	1	1	1	1	0	1	1	0	1	1	1	1	1	1	1	1	1
505718at33208	1	1	1	1	0	1	1	1	1	1	1	1	0	1	1	1	1	0	1	0	1	1	1	0	1	1	1	1	1	1	1
50756at33208	1	1	1	1	1	1	1	1	1	1	1	1	1	1	1	1	1	1	1	1	1	0	1	1	1	1	1	1	1	1	1
508188at33208	1	1	1	1	0	1	1	1	1	1	1	1	1	1	1	1	0	1	1	1	1	0	1	1	1	1	1	1	1	1	1
508379at33208	1	1	1	1	1	1	1	0	1	1	1	1	1	1	1	1	1	0	1	1	1	1	0	1	1	1	1	1	1	0	1
508986at33208	0	0	0	0	0	0	1	0	1	0	0	0	0	0	1	1	0	0	0	0	1	1	0	0	0	0	0	0	1	0	0
509494at33208	1	1	1	1	1	1	1	1	1	1	1	1	1	1	1	1	1	1	1	1	1	0	1	1	1	1	1	1	1	1	1
509816at33208	1	0	0	0	0	0	0	0	0	0	0	0	1	0	1	1	0	0	1	1	0	1	0	1	0	0	1	0	1	1	0
510174at33208	1	1	1	1	1	1	1	1	1	1	1	1	1	1	1	1	1	1	1	1	1	1	1	1	1	1	1	1	1	1	1
510522at33208	1	1	1	1	1	1	1	1	1	1	1	1	1	1	0	1	1	1	0	1	1	0	1	0	1	1	1	1	1	0	1
510581at33208	1	0	0	0	0	0	1	0	1	1	0	0	0	0	1	1	1	1	1	1	1	1	0	1	0	0	1	1	1	1	1
511272at33208	1	1	1	1	1	1	1	0	0	1	1	1	1	1	1	1	1	1	1	1	1	0	1	1	1	1	1	1	1	1	1
511386at33208	1	1	1	1	1	1	1	1	1	1	1	1	1	1	1	1	1	1	0	1	0	0	0	1	1	1	1	1	1	1	1
511575at33208	1	1	1	1	0	1	1	0	1	1	1	1	1	1	0	1	1	1	1	1	1	0	0	1	1	1	1	1	1	1	1
511668at33208	1	1	0	1	1	0	1	1	1	1	1	1	1	1	1	1	1	1	1	1	0	0	0	1	1	1	1	1	1	0	0
514121at33208	1	1	1	1	1	1	1	1	1	0	1	1	1	1	1	1	0	1	0	0	1	1	1	1	1	1	1	1	1	0	0
514296at33208	1	1	1	1	1	1	0	0	1	1	1	1	1	1	0	1	1	0	0	0	0	1	1	1	1	1	1	1	1	1	1
514565at33208	1	1	1	1	1	1	1	1	1	1	1	1	1	1	1	1	1	1	1	1	1	0	0	1	1	1	1	1	1	1	1
514675at33208	1	0	0	0	0	0	1	0	1	1	0	0	0	0	1	1	1	0	1	1	1	0	0	0	0	0	1	1	1	1	1
514698at33208	1	1	1	1	1	1	1	1	1	1	1	1	1	1	1	1	1	1	0	1	1	1	1	1	1	1	1	1	1	1	1
514724at33208	0	1	1	1	0	1	1	0	1	1	1	1	1	1	1	1	0	1	0	1	1	0	1	1	1	1	1	0	1	1	0
514727at33208	1	1	1	1	0	1	0	1	1	0	1	1	1	1	0	1	1	1	1	1	0	1	1	1	1	1	0	1	1	1	0
514740at33208	1	0	1	1	1	1	1	1	1	1	1	1	1	1	1	1	1	1	1	1	1	1	0	1	1	1	1	1	1	1	1
514834at33208	1	0	1	1	0	1	1	0	1	1	1	1	1	1	1	1	0	0	0	1	1	1	0	1	1	1	1	1	1	0	1
514892at33208	1	1	0	1	0	1	1	0	1	0	1	1	1	0	1	1	1	0	1	1	0	0	1	1	1	1	1	0	0	1	0
515058at33208	0	0	0	0	0	0	0	0	0	0	0	0	0	0	1	1	0	0	1	1	0	1	0	0	0	0	0	1	0	1	0
515377at33208	0	0	0	0	0	0	1	0	0	0	0	0	0	0	0	1	0	0	0	1	1	0	0	1	0	0	1	1	0	0	0
515410at33208	1	0	0	0	0	0	1	0	1	1	0	0	0	0	1	1	0	1	1	1	1	1	0	0	0	0	1	1	0	0	0
515425at33208	1	1	1	1	1	1	1	0	1	1	1	1	1	1	1	1	0	1	1	0	1	1	1	1	1	1	0	1	1	1	1
515528at33208	1	0	0	0	0	1	1	0	0	1	0	0	0	0	0	0	1	0	1	0	1	1	0	1	0	0	1	1	0	0	0
515640at33208	1	1	1	1	1	1	1	0	1	1	0	1	1	1	1	1	1	1	0	1	1	0	0	1	1	1	1	1	1	1	1
516078at33208	1	1	1	1	0	1	1	0	1	1	1	1	1	1	1	1	1	1	1	1	0	1	1	1	1	1	1	1	1	1	1
516321at33208	1	1	1	1	1	1	1	1	1	1	1	1	1	1	1	1	1	0	1	1	1	1	0	1	1	1	1	1	1	1	1
516481at33208	0	1	0	0	1	0	0	0	0	0	0	0	0	0	0	1	0	0	0	1	0	1	1	0	1	0	0	0	1	0	0
516659at33208	1	1	1	0	0	0	1	1	0	0	1	1	0	0	1	1	0	0	0	0	0	1	0	0	1	1	0	1	0	0	1
516716at33208	1	1	1	1	1	1	1	1	1	1	1	1	1	1	1	1	1	1	1	1	1	1	1	1	1	1	1	1	1	1	1
517311at33208	1	1	1	1	1	1	1	1	1	1	1	1	1	1	1	1	1	1	1	1	1	1	0	1	1	1	1	1	1	1	1
517525at33208	1	1	1	1	1	1	1	1	1	1	1	1	1	1	1	1	1	1	1	1	1	1	1	1	1	1	1	1	1	1	1
517686at33208	1	1	1	1	1	1	1	1	1	1	1	1	1	1	1	1	1	1	1	1	1	0	1	0	1	0	1	1	1	1	1
517968at33208	1	1	1	1	1	1	1	1	1	1	1	1	1	1	1	1	1	1	0	1	1	1	0	1	1	1	1	1	1	1	1
518288at33208	1	1	1	1	1	1	1	0	1	0	1	0	1	1	1	1	1	1	1	0	0	1	1	1	1	1	1	1	1	1	0
518569at33208	1	1	1	1	1	1	1	1	1	1	1	1	1	1	1	1	1	1	1	1	1	1	1	1	1	1	1	1	1	1	1
518635at33208	0	0	0	1	0	1	0	1	1	1	1	1	1	0	1	1	0	0	1	0	0	1	1	0	1	0	1	0	0	0	1
519030at33208	1	1	1	0	1	1	1	1	1	1	1	1	1	1	1	1	0	0	1	1	0	1	1	1	1	1	1	0	0	0	1
519303at33208	1	1	1	1	1	1	1	1	1	1	1	1	1	1	1	0	1	1	1	1	0	1	0	1	1	1	1	0	1	0	1
519777at33208	1	1	1	1	1	1	1	1	1	1	1	1	1	1	1	1	1	1	1	1	1	1	1	1	1	1	1	1	1	1	1
520011at33208	1	1	1	1	1	1	1	0	1	0	1	1	1	1	1	1	1	1	0	1	0	0	1	0	1	1	1	1	1	0	1
521343at33208	0	0	0	0	0	0	1	0	0	0	0	0	0	0	1	0	0	0	0	0	1	0	0	1	0	0	1	1	0	0	0
522886at33208	1	1	1	1	0	1	1	0	1	1	1	1	1	1	0	1	1	1	1	1	1	1	1	1	1	1	1	1	1	1	1
522988at33208	0	1	1	1	1	1	0	0	1	0	1	1	1	1	1	0	1	1	0	0	0	1	1	0	1	1	1	0	0	0	0
523206at33208	1	1	1	1	1	1	1	0	1	1	1	1	1	1	1	1	1	1	0	1	0	1	0	1	1	1	1	1	1	1	1
523376at33208	1	1	1	1	1	1	1	1	0	0	1	1	1	1	1	1	1	0	1	1	1	0	1	1	1	1	1	1	0	0	1
523534at33208	1	1	1	1	1	1	1	1	1	1	1	1	1	1	1	1	1	1	1	1	0	0	1	0	1	1	1	0	1	0	1
524148at33208	0	1	1	1	1	1	1	1	1	1	1	1	1	1	0	1	1	1	1	1	1	0	0	1	1	1	0	1	0	1	1
524165at33208	0	0	0	0	0	0	0	0	0	0	0	0	0	0	0	0	0	0	0	0	0	1	0	0	0	0	0	0	0	0	0
524322at33208	1	1	1	1	1	1	1	1	1	0	1	1	1	1	1	1	0	0	1	1	0	1	1	0	1	1	1	1	1	0	0
525542at33208	1	1	1	1	1	1	1	1	1	1	1	1	1	1	1	1	1	1	1	1	1	1	1	1	1	1	1	1	1	1	1
525888at33208	1	1	1	1	1	1	1	1	1	1	1	1	1	1	1	1	1	1	1	0	1	1	1	0	1	0	1	1	1	1	1
526074at33208	1	1	1	1	1	1	1	1	1	1	1	1	1	1	1	1	1	1	1	1	1	1	1	1	1	1	0	1	1	1	1
526487at33208	1	1	1	1	1	1	1	1	1	1	1	1	1	1	1	1	1	1	1	1	1	1	1	1	1	1	1	1	1	1	1
526673at33208	0	1	1	1	1	1	1	1	1	0	1	1	1	1	1	1	1	1	1	1	1	1	1	0	1	1	1	1	1	1	0
526839at33208	0	1	1	1	0	1	0	0	1	0	1	1	1	1	1	1	0	0	0	0	0	0	1	0	0	1	0	1	0	0	0
527406at33208	1	1	1	1	1	1	1	1	1	1	1	1	1	1	1	1	1	1	1	1	1	1	1	1	1	1	1	1	1	1	1
528325at33208	1	1	1	1	1	1	0	1	1	1	1	1	1	1	1	1	1	1	1	1	1	1	1	1	1	1	1	1	1	1	1
529092at33208	1	1	1	1	1	1	1	0	1	1	1	1	1	1	1	1	1	1	1	1	1	1	1	1	1	1	1	1	1	0	1
529093at33208	1	1	1	1	1	1	1	1	1	1	1	1	1	1	1	1	1	1	1	1	1	1	1	1	1	1	1	1	1	1	1
529708at33208	1	1	1	1	0	1	1	0	1	0	0	0	0	0	1	1	0	0	0	0	0	1	0	1	0	0	1	1	0	0	0
529852at33208	1	1	1	1	1	1	1	1	1	1	1	1	1	1	1	1	1	1	1	1	1	1	1	1	1	1	1	1	1	1	1
530431at33208	0	1	1	1	0	1	0	0	1	1	1	1	1	1	1	0	1	1	1	1	0	1	1	1	1	1	0	1	1	0	1
532406at33208	1	1	1	1	1	1	0	1	1	0	1	1	1	1	1	1	1	1	1	1	1	0	0	1	1	1	1	1	0	0	1
532693at33208	1	1	0	1	0	1	1	1	1	1	1	1	1	1	1	1	1	1	0	0	1	1	1	1	1	1	1	1	1	1	1
532728at33208	1	1	1	1	1	1	1	1	1	1	1	1	1	0	1	1	1	1	1	1	0	1	0	0	1	1	1	1	1	1	1
532930at33208	1	1	1	1	0	1	1	1	1	1	1	1	1	1	1	1	0	0	1	1	0	1	1	1	1	1	1	1	1	1	1
533666at33208	1	1	1	1	1	1	1	1	1	1	1	1	1	1	1	1	1	1	1	1	1	0	1	1	1	1	1	1	1	0	1
533690at33208	1	1	1	1	1	1	1	1	1	1	0	1	0	1	1	1	1	1	1	0	1	1	0	1	1	0	1	1	0	0	0
534172at33208	1	1	1	1	1	1	0	0	1	1	1	1	1	1	1	1	0	0	1	0	1	1	1	1	1	1	1	0	1	0	1
534206at33208	0	1	1	1	0	1	1	1	1	1	1	1	1	1	1	1	1	0	0	1	0	1	1	1	1	1	1	0	1	1	1
534312at33208	1	1	1	1	1	1	1	1	1	0	1	1	1	1	1	1	1	1	1	1	1	1	1	1	1	0	1	1	1	0	1
534757at33208	0	0	0	0	0	0	0	0	0	0	0	0	0	0	1	0	0	0	0	0	0	0	0	0	0	0	0	0	0	0	0
534808at33208	0	1	1	1	1	1	1	1	1	1	1	1	1	1	1	1	1	1	1	1	1	1	0	0	1	1	0	1	0	1	1
535268at33208	1	1	1	1	1	1	1	0	1	1	1	1	1	1	1	1	1	1	1	1	1	1	1	1	1	1	1	1	1	1	1
535367at33208	0	1	1	1	1	1	0	1	0	1	1	1	1	1	0	0	0	0	0	0	0	1	1	0	1	1	0	1	0	0	1
535524at33208	1	1	1	1	1	1	1	0	1	1	1	1	1	1	1	1	1	1	0	1	1	1	0	1	1	0	1	1	1	1	1
535650at33208	1	1	1	1	1	1	1	1	1	1	1	1	1	1	1	1	1	1	1	1	0	1	1	1	1	1	1	1	0	1	0
535664at33208	1	1	1	1	1	1	1	1	1	1	1	1	1	1	1	1	1	1	1	1	1	1	1	1	1	1	1	1	1	0	0
535782at33208	0	0	0	0	0	0	0	0	0	0	0	0	0	0	0	0	0	0	0	1	0	0	0	0	0	0	0	0	0	0	0
535806at33208	1	1	1	1	0	1	1	1	1	1	1	1	1	1	1	1	1	1	1	1	0	1	0	1	1	1	1	1	1	0	0
536251at33208	1	1	1	1	1	1	1	1	1	1	1	1	1	1	1	1	1	1	0	1	1	1	1	1	1	1	1	1	1	0	1
537470at33208	1	1	1	1	1	1	1	1	1	1	1	1	1	1	1	1	1	1	1	1	1	1	1	1	1	1	1	1	0	1	1
537548at33208	1	1	1	1	1	1	1	1	1	1	1	1	1	1	1	1	1	1	1	1	1	1	0	1	1	1	1	1	1	1	1
537718at33208	0	1	1	1	1	1	0	0	1	1	1	1	1	1	1	0	0	0	0	0	0	0	0	0	1	1	0	0	0	0	1
537923at33208	1	1	1	1	0	0	1	0	1	0	1	1	1	1	1	1	1	0	0	0	0	0	1	1	1	1	1	0	0	1	0
538442at33208	1	1	1	1	1	1	1	1	1	1	1	1	1	1	1	1	1	0	1	1	1	1	0	1	1	1	1	1	1	1	1
539043at33208	0	1	1	1	1	1	1	0	1	1	1	1	1	1	1	1	1	1	0	0	1	1	1	1	1	1	1	1	1	1	1
539215at33208	1	1	1	1	1	1	1	1	1	1	1	1	1	1	1	1	1	1	0	1	1	1	1	1	1	1	1	1	1	0	1
539234at33208	1	1	0	1	1	1	1	1	1	1	0	0	1	1	1	1	1	1	1	1	1	0	1	1	1	1	1	1	1	1	1
539360at33208	1	1	1	1	0	1	1	0	0	1	1	1	1	1	1	1	1	1	1	1	1	1	0	1	1	1	1	1	1	1	1
539600at33208	1	1	1	1	1	1	0	1	1	1	1	1	1	1	1	1	1	1	0	1	1	1	1	1	1	1	1	1	0	1	0
540193at33208	1	1	1	1	1	1	1	1	1	1	1	1	1	1	1	1	1	1	1	1	1	1	0	1	1	1	1	0	1	1	1
541231at33208	1	1	1	0	1	1	1	0	1	1	0	1	1	1	0	1	1	1	0	1	0	0	0	1	1	1	1	1	0	1	1
541260at33208	1	1	1	1	1	1	1	1	1	1	1	1	1	1	1	1	0	0	1	0	1	0	0	1	1	1	1	1	0	1	1
541421at33208	0	1	1	1	1	1	1	1	1	1	1	1	0	1	1	0	1	1	1	0	1	1	1	0	1	1	0	0	1	1	1
543124at33208	1	1	1	1	1	1	1	1	1	1	1	1	1	1	1	1	0	1	1	1	1	1	1	1	1	1	1	0	1	1	1
543269at33208	1	1	1	1	1	1	1	1	1	1	1	1	1	1	1	1	1	1	0	1	1	0	1	0	1	1	1	1	1	0	0
544546at33208	1	1	1	1	1	1	1	1	1	1	1	1	1	1	1	1	1	1	1	1	1	1	1	1	1	1	1	1	1	1	1
544849at33208	1	0	0	0	0	0	0	0	1	0	0	1	0	0	1	0	0	0	0	0	0	1	0	1	0	0	1	0	0	1	0
544919at33208	0	0	0	0	0	0	1	0	0	0	1	0	0	1	0	0	0	0	0	0	0	0	0	0	0	0	0	0	1	0	0
545063at33208	0	0	0	0	0	1	0	0	1	1	0	0	0	0	0	1	0	0	0	0	1	0	1	0	0	0	1	0	1	1	0
545389at33208	1	1	1	1	1	1	1	1	1	1	1	1	1	1	1	1	1	0	1	1	1	0	1	1	1	1	1	1	1	1	1
545641at33208	1	1	1	1	1	0	1	1	1	1	1	1	1	1	1	1	1	0	1	1	1	0	1	1	1	1	1	1	1	1	1
545744at33208	1	0	1	1	0	1	1	1	1	1	1	1	1	1	1	1	0	0	1	1	0	0	0	1	1	1	0	0	0	0	1
545889at33208	1	1	1	1	1	1	1	0	1	1	1	1	1	1	1	1	1	0	0	0	0	0	0	1	1	1	1	1	0	0	1
546305at33208	0	1	1	1	0	1	1	1	1	0	1	1	1	1	1	1	0	0	0	0	0	0	1	1	1	1	1	1	1	1	1
546751at33208	1	1	1	1	1	1	1	1	1	1	1	1	1	1	1	1	1	1	1	1	1	1	1	1	1	1	1	1	1	0	1
547099at33208	0	0	0	0	0	0	1	0	0	0	0	0	0	0	1	0	0	0	0	0	0	1	0	0	0	0	0	0	1	1	0
547341at33208	1	1	1	1	1	1	1	1	1	1	1	1	1	1	1	1	1	1	1	1	1	1	0	1	1	1	1	1	1	1	0
547766at33208	1	1	1	1	1	1	1	1	1	1	1	1	1	1	1	1	1	1	0	1	1	1	1	1	1	1	1	1	1	1	0
548327at33208	1	1	1	1	1	1	1	1	1	1	1	1	1	1	1	0	1	1	1	1	0	0	0	1	1	1	1	0	1	0	1
548444at33208	0	1	1	1	0	1	1	1	1	0	1	1	1	1	1	1	0	0	0	0	0	0	1	1	1	0	0	1	0	0	1
548732at33208	0	1	1	1	1	1	1	1	1	1	1	1	1	1	1	1	1	0	1	1	1	1	1	1	1	1	1	1	1	0	1
549156at33208	0	1	1	1	1	1	0	1	1	0	1	1	1	1	1	1	1	0	1	0	1	1	1	0	1	1	0	0	1	0	1
549988at33208	1	1	1	1	1	1	1	1	0	0	1	1	1	1	1	1	0	0	0	0	0	0	0	1	1	1	1	1	1	1	0
551166at33208	1	1	1	1	1	1	1	1	1	1	1	1	1	1	1	1	1	1	1	1	1	0	0	1	1	1	1	1	1	1	1
551620at33208	0	1	1	1	1	0	0	0	1	1	1	1	1	1	1	0	1	0	1	1	1	0	0	1	1	1	1	0	1	1	1
551632at33208	1	0	0	0	0	0	1	0	0	0	0	0	0	0	0	1	0	0	0	1	0	1	0	0	0	0	0	0	1	1	0
551831at33208	1	1	1	1	1	1	1	1	1	1	1	1	1	1	1	1	1	1	1	1	1	0	1	1	1	1	1	1	1	1	1
552201at33208	1	1	1	1	1	1	1	1	1	1	1	1	1	1	1	1	1	1	1	1	1	0	1	1	1	1	1	1	1	1	1
552359at33208	0	0	0	0	0	0	0	1	1	0	0	0	0	0	1	1	0	0	1	0	1	1	0	1	0	0	0	1	1	1	1
552764at33208	1	0	0	1	0	0	1	0	0	0	1	0	0	0	1	1	0	0	0	0	1	0	1	0	1	0	0	1	1	1	0
552949at33208	1	0	0	0	0	0	1	0	1	0	0	0	0	0	1	1	1	1	1	1	0	0	0	1	0	0	1	1	1	1	0
553411at33208	1	1	1	1	1	1	1	1	1	0	1	1	1	1	1	1	1	1	1	1	1	1	1	1	1	1	1	1	1	1	1
553585at33208	1	1	1	1	1	1	1	0	1	1	1	1	1	1	1	1	1	1	1	1	1	1	1	1	1	1	1	1	1	1	1
554010at33208	1	1	1	1	1	1	1	0	1	1	1	1	1	1	1	1	1	1	1	1	1	1	1	1	1	1	1	1	1	0	1
554815at33208	0	1	1	1	1	1	1	1	1	0	1	1	1	1	1	1	1	1	1	0	0	1	1	0	1	1	1	0	1	1	0
555162at33208	1	1	1	1	1	1	1	1	1	1	1	1	1	1	1	1	1	1	1	1	1	0	1	1	1	1	1	1	0	1	1
555390at33208	1	1	1	1	1	1	1	1	1	1	1	1	1	1	1	1	1	1	1	1	1	1	1	1	1	1	1	1	1	1	1
555538at33208	1	0	0	0	0	0	1	0	1	0	0	0	0	0	1	1	1	1	1	1	0	1	0	1	0	0	1	0	0	0	0
556039at33208	1	1	1	1	0	1	1	1	1	1	1	1	1	1	1	1	1	1	0	1	1	1	1	1	1	1	1	1	1	1	1
556189at33208	1	1	1	1	0	1	1	1	1	1	1	1	1	1	0	1	1	1	0	1	1	1	0	1	1	1	0	0	1	1	1
556337at33208	1	1	1	1	1	1	1	1	1	1	1	1	1	1	1	1	1	1	1	1	1	1	1	1	1	1	1	1	1	0	1
556445at33208	1	1	1	1	1	1	1	1	1	1	1	1	1	1	0	1	1	1	1	1	1	1	1	1	1	1	1	1	1	1	1
556461at33208	0	1	0	1	1	1	0	1	0	0	0	1	1	1	0	1	0	0	1	0	0	0	0	1	1	1	1	0	0	0	0
556510at33208	0	0	0	0	0	0	1	0	0	0	0	0	0	0	1	1	0	0	1	0	0	1	0	1	0	0	1	0	0	1	0
556587at33208	0	1	1	1	1	1	1	0	1	1	1	1	1	1	1	1	1	1	1	1	0	1	1	1	1	1	0	1	1	0	1
556750at33208	0	0	0	0	0	0	0	0	0	1	0	1	0	0	1	1	0	0	0	1	0	0	0	0	0	0	0	0	0	0	0
556925at33208	0	0	0	0	0	0	0	0	0	0	0	0	0	0	0	0	0	0	0	0	0	1	0	0	0	0	0	0	1	1	0
557292at33208	1	1	1	1	1	1	1	1	1	1	1	1	1	1	1	1	1	1	1	1	0	1	1	1	1	1	1	0	1	1	1
557596at33208	1	1	1	1	1	1	1	1	1	1	1	1	1	1	1	1	1	1	1	1	1	1	0	1	1	1	1	1	1	1	1
557694at33208	1	1	1	1	0	0	1	1	1	1	1	1	1	1	1	1	1	1	1	1	0	1	1	1	1	1	1	1	0	1	1
557834at33208	1	1	1	1	1	1	1	1	1	1	1	1	1	1	1	1	1	0	1	1	1	1	1	1	1	1	1	1	1	0	1
557962at33208	1	1	1	1	1	1	0	1	1	1	1	1	1	1	1	1	1	1	1	0	1	1	0	1	1	1	1	1	1	0	1
558368at33208	1	0	0	0	0	0	1	0	0	0	0	0	0	0	1	1	0	0	1	0	0	0	0	1	0	0	1	0	0	0	0
558385at33208	0	0	0	0	0	0	0	0	1	0	0	0	0	0	0	0	0	0	0	0	0	0	0	0	0	0	0	0	0	0	0
558552at33208	1	1	1	1	1	1	1	1	1	1	1	1	1	1	1	1	1	1	1	1	1	1	1	1	1	1	0	0	0	1	1
558791at33208	1	1	1	1	1	1	1	1	1	1	1	1	1	1	1	1	1	1	1	1	1	1	1	1	1	1	1	1	0	1	1
558897at33208	0	0	0	0	0	0	0	0	1	1	0	0	0	0	0	0	1	1	0	0	0	1	0	1	0	0	0	0	0	0	1
558933at33208	1	1	1	1	1	1	1	1	1	1	1	1	1	1	1	1	1	1	1	1	1	1	0	1	1	1	1	1	1	1	1
559146at33208	0	0	0	0	0	0	0	0	0	0	0	0	0	0	1	0	0	0	0	0	0	0	0	0	0	0	0	1	1	1	0
559501at33208	1	1	1	1	1	1	1	1	1	1	1	1	1	1	1	1	1	1	1	1	1	1	1	1	1	1	0	1	1	1	1
559576at33208	1	1	1	1	1	1	0	1	0	1	1	1	1	1	1	0	0	0	1	1	1	1	1	1	1	1	1	1	1	1	1
559732at33208	0	0	0	1	1	1	0	0	1	1	0	0	1	0	0	1	1	0	0	0	0	0	0	0	0	0	1	0	0	1	1
559883at33208	1	1	1	1	1	1	1	1	1	1	1	1	1	1	1	1	1	1	1	1	1	1	0	1	1	1	0	1	1	0	1
560453at33208	1	1	1	1	1	1	1	0	1	1	1	1	1	1	1	1	1	1	1	1	1	1	0	1	1	1	1	1	1	1	0
560566at33208	0	0	0	0	0	0	0	0	0	0	0	0	0	0	0	0	0	0	0	0	0	0	0	0	0	0	0	0	0	0	0
560584at33208	1	0	1	1	1	1	1	0	1	1	1	1	1	1	1	1	1	0	1	1	1	1	1	1	1	1	1	1	1	1	1
560694at33208	1	1	1	1	1	1	1	1	1	1	1	1	1	1	1	1	0	1	1	1	1	1	1	1	1	1	1	1	1	0	1
561054at33208	1	1	1	1	1	1	0	1	0	1	1	1	1	1	1	1	1	0	0	1	1	1	0	1	1	1	0	1	1	1	1
561248at33208	0	1	1	1	0	1	1	1	1	0	1	1	1	1	0	0	0	0	0	0	0	0	0	0	1	1	0	1	1	1	1
561417at33208	1	1	1	1	1	1	1	0	1	1	1	1	1	1	1	1	1	1	1	1	1	1	1	1	1	1	1	1	1	1	1
561688at33208	1	1	1	1	1	1	1	1	1	1	1	1	1	1	1	1	1	1	1	1	1	1	1	1	1	1	1	1	0	1	1
561878at33208	0	1	1	1	1	1	1	1	1	1	0	0	1	1	0	0	0	0	0	0	0	1	0	0	1	1	0	1	0	0	1
561943at33208	0	1	1	1	1	1	1	1	1	1	1	1	1	1	1	1	1	1	1	0	1	0	0	0	1	1	1	1	1	1	1
562780at33208	1	1	1	1	1	1	1	0	1	1	1	1	1	1	1	1	1	1	1	1	1	0	1	1	1	1	1	0	1	0	1
563084at33208	1	1	1	1	0	1	1	1	1	0	1	0	1	1	1	1	0	0	1	1	0	0	1	1	0	1	0	1	1	0	0
563358at33208	1	0	0	1	1	1	1	0	1	1	1	1	1	1	1	1	0	0	1	1	1	1	1	1	0	1	1	0	1	1	0
563359at33208	1	1	1	1	0	1	1	1	1	1	1	1	1	1	1	1	1	0	0	1	1	1	1	1	1	1	1	0	1	1	0
563426at33208	1	1	1	1	1	1	1	1	1	1	1	1	1	1	1	1	1	1	1	1	1	1	0	1	1	1	1	1	1	1	1
563679at33208	1	1	1	1	1	1	1	1	1	1	1	1	1	1	1	1	1	1	1	1	0	1	0	1	1	1	1	1	1	1	1
563832at33208	0	1	1	1	0	1	1	1	1	1	1	1	1	1	0	1	1	1	1	1	0	1	0	1	1	1	1	1	1	0	1
564234at33208	1	1	1	1	1	1	0	1	1	1	1	1	1	1	1	1	1	0	1	1	1	0	1	0	1	1	1	1	0	1	1
564286at33208	1	1	1	1	1	1	1	1	1	1	1	1	1	1	1	1	1	1	0	1	1	0	1	1	1	1	1	1	0	1	1
565053at33208	0	1	1	1	1	1	1	1	1	1	1	1	0	1	1	1	1	1	1	0	1	1	1	1	1	1	1	1	0	1	1
56573at33208	1	1	1	1	1	1	1	1	1	1	1	1	1	1	1	1	1	1	1	1	1	1	1	1	1	1	1	1	0	0	1
566026at33208	0	1	1	1	0	1	1	1	1	1	1	1	1	1	1	1	1	1	0	1	0	1	1	1	1	0	1	1	1	1	1
566116at33208	1	1	1	1	1	1	1	1	1	1	1	1	1	1	1	1	1	1	1	1	1	0	1	1	1	1	1	1	0	0	1
566262at33208	1	1	1	1	1	1	1	1	1	1	1	1	1	1	1	1	1	1	1	1	1	1	0	1	0	1	1	0	1	1	1
566447at33208	1	1	1	1	1	1	1	1	1	1	1	1	1	1	1	1	1	1	0	1	1	1	1	1	1	1	1	1	1	1	1
566527at33208	0	0	1	1	1	1	1	1	1	0	1	1	1	1	1	1	0	0	1	0	1	1	1	1	1	1	1	1	1	0	1
566916at33208	0	1	0	1	0	0	0	1	1	1	1	1	0	0	1	0	1	0	0	0	0	0	0	0	1	1	1	0	0	0	1
567650at33208	1	1	1	1	1	1	1	1	1	1	0	0	1	1	1	0	0	1	0	1	0	1	1	1	1	0	1	1	1	0	1
567750at33208	0	1	0	1	0	0	1	0	0	0	0	1	1	1	1	1	0	0	0	0	0	1	1	1	1	1	1	0	0	0	0
567809at33208	1	1	1	1	1	1	1	1	1	1	1	1	1	1	1	1	1	1	1	1	1	1	1	1	1	1	0	1	0	0	0
568022at33208	1	1	1	1	1	1	1	1	1	1	1	1	1	1	1	1	0	1	1	1	1	1	0	1	1	1	1	0	1	1	1
568170at33208	0	1	1	1	1	1	1	1	0	0	1	1	1	1	0	0	0	0	0	0	0	1	0	1	1	1	0	0	0	0	0
568839at33208	1	1	1	1	1	1	1	1	1	1	1	0	1	1	1	1	1	1	1	1	1	1	1	1	1	1	1	1	1	1	1
568949at33208	1	1	0	1	0	1	1	0	1	0	1	1	1	1	1	1	0	0	0	1	0	1	1	0	1	0	1	1	0	1	0
569294at33208	1	1	1	1	1	1	1	1	1	1	1	1	1	1	1	1	1	1	0	1	1	0	1	1	1	1	1	1	1	1	1
569303at33208	1	1	1	1	1	1	1	1	1	1	1	1	1	1	0	1	1	1	1	1	1	1	1	1	1	1	1	1	0	0	1
569812at33208	1	1	1	1	0	1	1	1	1	1	1	1	1	1	1	1	1	1	1	1	0	1	1	1	1	1	1	1	1	1	1
569878at33208	1	1	1	1	1	1	1	1	1	1	1	1	1	1	1	1	1	1	1	1	0	1	1	1	1	1	1	1	1	1	1
570262at33208	1	1	1	1	1	1	1	1	1	1	1	1	1	1	1	1	1	1	1	1	1	0	0	1	1	1	1	1	1	0	1
570646at33208	1	1	1	1	1	1	0	1	1	1	1	1	1	1	1	1	1	1	1	1	1	1	0	1	1	0	1	1	1	1	1
570717at33208	1	1	1	1	1	1	0	1	1	1	1	1	1	1	1	1	1	1	1	1	1	1	0	0	1	1	1	1	1	1	1
571149at33208	1	0	0	0	0	0	1	0	0	0	0	0	0	0	0	0	1	1	1	0	0	0	0	1	0	0	0	1	0	0	0
57158at33208	1	1	1	1	1	1	1	1	1	1	1	1	1	1	1	1	1	1	0	1	1	1	0	1	1	1	1	1	1	1	1
571944at33208	1	0	1	0	0	0	1	1	1	0	0	0	0	1	1	1	0	0	0	1	0	0	0	1	1	1	1	1	1	0	0
572074at33208	1	1	1	1	1	1	1	1	1	1	1	1	1	1	1	1	0	1	1	1	0	1	1	1	1	1	1	1	1	1	1
572434at33208	1	1	1	1	1	1	1	1	1	1	1	1	1	1	1	1	1	1	1	1	1	1	0	1	1	1	1	1	1	1	1
572463at33208	0	1	1	1	0	1	1	0	1	0	0	1	1	1	0	1	0	0	1	0	0	1	1	1	0	1	1	0	1	0	1
572754at33208	1	1	1	1	1	1	1	1	1	1	1	1	1	1	1	1	1	1	0	1	1	1	1	1	1	1	1	1	1	1	1
572845at33208	1	1	1	1	1	1	1	1	1	0	1	1	1	1	1	1	1	1	0	0	1	0	0	1	1	1	1	1	1	1	1
573203at33208	1	0	0	1	0	1	1	0	1	0	1	1	1	1	0	1	0	0	0	0	0	0	0	1	1	0	1	0	0	0	0
573237at33208	1	0	0	0	1	0	1	0	0	0	1	0	1	0	1	1	0	0	1	0	0	0	0	0	0	0	1	0	1	0	0
573313at33208	0	1	0	1	0	0	1	0	1	1	1	1	1	1	1	1	1	1	1	0	0	1	1	1	1	0	0	0	0	1	1
574311at33208	0	0	0	0	0	1	1	0	1	0	0	0	0	0	0	1	0	0	0	0	1	0	0	0	0	0	1	1	0	0	0
575360at33208	0	1	1	1	1	1	1	0	0	0	1	1	1	1	0	0	0	0	1	0	0	0	1	0	0	0	1	1	1	0	0
576633at33208	1	1	1	1	1	1	1	1	1	1	1	1	1	1	1	1	0	1	0	1	1	1	1	1	1	1	1	1	0	1	1
576938at33208	1	1	1	1	0	1	1	1	1	0	1	1	1	1	1	1	1	1	1	1	0	0	0	1	1	1	1	1	1	1	1
576997at33208	0	0	0	0	0	0	0	0	0	0	0	0	0	0	1	0	0	0	0	1	0	0	0	0	0	0	0	0	0	1	0
577068at33208	1	1	1	1	1	1	1	1	1	0	1	1	1	1	1	1	1	0	1	1	1	1	0	1	1	1	1	1	1	1	1
577339at33208	1	1	1	1	1	1	1	1	1	1	1	1	1	1	1	1	1	1	1	1	1	1	1	1	1	1	0	1	0	0	0
577929at33208	1	1	1	1	1	1	1	1	1	1	1	1	1	1	1	1	1	1	0	1	1	1	1	1	1	1	1	1	1	1	1
578354at33208	1	1	1	1	1	1	1	1	1	1	1	1	1	1	0	1	1	1	1	1	1	1	1	1	1	1	1	1	1	0	1
578582at33208	1	1	1	1	1	1	0	0	1	1	1	1	1	0	1	1	1	1	1	0	0	0	0	1	1	1	1	0	1	0	1
578684at33208	1	0	1	1	0	1	0	0	1	0	1	0	1	1	0	1	1	1	0	1	0	1	0	1	0	1	1	0	1	1	0
578726at33208	1	1	1	1	1	1	1	1	1	1	1	1	1	1	1	1	1	1	1	1	1	1	0	1	1	1	1	0	1	0	1
578734at33208	1	1	1	1	1	1	1	0	1	0	1	1	1	1	1	1	1	1	1	0	0	0	1	1	1	1	0	1	1	0	1
578959at33208	1	1	1	1	1	1	1	1	1	1	1	1	1	1	1	1	1	0	1	1	1	1	1	1	1	1	1	1	1	1	1
579029at33208	1	1	1	1	1	1	0	1	1	0	1	1	1	0	1	1	1	1	1	0	0	1	0	0	1	1	1	0	1	1	1
580062at33208	1	1	0	0	1	1	1	1	1	1	0	1	1	1	1	1	1	0	1	1	1	1	1	0	1	1	1	1	0	0	1
580288at33208	1	1	1	1	1	1	1	0	1	1	1	1	1	1	1	1	1	1	0	1	0	0	1	1	1	1	1	1	1	1	1
580851at33208	1	0	1	0	0	1	0	0	1	0	0	0	0	1	1	1	0	0	1	0	0	0	0	1	0	0	1	0	1	1	0
580896at33208	1	1	0	1	1	1	1	1	0	0	1	1	0	1	1	1	0	0	1	0	0	0	1	1	0	1	1	0	1	0	0
581006at33208	1	1	1	1	1	1	1	1	1	1	1	1	1	1	1	1	1	0	1	1	0	1	1	1	1	1	1	0	1	0	1
581475at33208	1	1	1	1	1	1	1	1	1	0	1	1	1	1	0	1	1	1	0	1	1	1	0	0	1	1	1	1	1	0	0
581543at33208	0	1	0	0	0	1	1	1	0	0	1	0	0	1	0	1	0	0	0	0	1	1	1	0	0	1	0	1	0	0	0
581547at33208	1	1	1	1	1	1	1	1	1	1	1	1	1	1	1	1	1	1	0	0	0	1	0	1	1	1	1	0	1	0	1
581621at33208	1	1	1	1	1	1	1	1	1	1	1	1	1	1	1	1	1	1	1	1	1	1	0	1	1	1	1	0	1	1	1
581717at33208	1	1	1	1	1	1	1	0	1	0	0	0	1	1	1	1	0	0	0	1	0	1	0	1	0	0	0	1	1	1	1
581779at33208	1	1	1	1	0	0	1	0	0	1	0	1	1	1	1	1	0	0	1	1	1	1	0	1	1	1	1	1	1	1	1
582265at33208	1	1	1	1	1	1	1	0	1	1	1	1	1	1	1	1	0	1	1	1	1	1	0	1	1	1	1	1	0	0	0
582341at33208	1	1	1	1	1	1	1	1	1	1	1	1	1	1	1	1	1	1	1	1	1	0	1	1	1	1	1	1	1	1	1
582473at33208	1	1	1	1	1	1	1	1	1	1	1	1	1	1	1	1	1	1	1	1	1	1	1	1	1	1	1	1	1	1	1
582823at33208	1	1	1	1	1	1	1	0	1	1	1	1	1	1	1	1	1	1	1	1	1	1	0	1	1	1	1	1	1	1	1
582951at33208	0	1	1	1	0	1	1	1	1	0	1	1	1	1	1	1	1	0	0	0	1	1	1	0	1	1	0	1	1	0	1
583626at33208	0	0	0	0	0	0	0	0	1	0	0	0	0	0	1	0	0	0	0	0	0	1	0	0	0	0	0	0	1	0	0
584023at33208	1	1	1	1	1	1	1	1	1	1	1	1	1	1	1	1	1	1	0	1	1	1	1	1	1	1	0	1	1	1	1
584333at33208	0	0	1	1	1	1	0	1	1	1	1	1	1	1	1	1	1	1	0	0	0	1	1	0	1	1	1	1	0	1	1
584373at33208	1	1	1	1	1	1	1	0	1	1	1	1	1	1	1	1	1	1	0	1	0	1	1	1	1	1	1	1	1	1	0
585078at33208	1	1	1	1	1	1	1	1	1	1	1	1	1	1	1	1	0	0	1	1	1	0	0	1	1	1	1	1	1	1	1
585232at33208	0	0	0	0	0	0	1	0	0	0	0	0	0	0	1	1	0	0	1	0	0	1	0	0	0	0	1	0	1	0	0
585305at33208	1	1	1	1	1	1	1	1	1	1	1	1	1	1	1	1	1	1	1	1	1	1	1	1	1	1	1	1	1	0	1
585313at33208	0	1	1	1	1	1	1	1	0	0	0	1	1	1	1	0	0	0	1	0	0	0	1	1	1	1	1	1	1	0	0
585656at33208	1	1	1	1	1	1	1	0	1	1	1	1	1	1	1	1	1	1	1	1	1	1	1	1	1	1	1	1	1	0	1
585726at33208	0	1	1	1	1	1	1	1	1	1	1	1	1	1	0	1	1	1	1	1	0	1	0	1	1	1	0	1	1	0	1
585809at33208	1	1	1	1	1	1	1	1	1	1	1	1	1	1	1	1	1	1	1	1	1	1	0	1	1	1	1	1	1	1	1
586156at33208	1	1	1	1	1	1	1	1	1	1	0	1	1	0	1	1	1	1	1	1	0	1	1	1	1	1	1	1	1	0	1
586310at33208	1	1	1	1	1	1	1	0	1	1	1	1	1	1	1	1	1	1	0	1	0	1	1	1	1	1	1	1	1	1	1
586690at33208	1	1	1	1	1	1	1	1	1	1	1	1	1	1	1	1	1	1	1	1	1	1	1	1	1	1	1	1	1	0	1
586719at33208	1	0	1	1	1	1	1	1	1	1	1	1	1	1	1	1	1	1	1	1	0	1	0	1	1	1	1	1	1	0	1
587399at33208	1	1	1	0	0	0	1	0	1	0	0	0	0	1	1	1	0	0	0	1	0	0	0	0	0	0	1	0	1	0	1
587407at33208	1	1	1	1	1	1	1	1	1	1	1	1	1	1	1	1	0	0	0	1	1	1	1	1	1	1	1	1	1	0	0
587513at33208	1	1	1	1	1	1	1	1	1	1	1	1	1	1	1	1	1	0	1	1	0	1	0	1	1	1	1	1	1	1	1
587688at33208	0	0	0	0	0	0	0	0	0	0	0	0	0	1	1	1	0	0	0	0	0	0	0	1	0	0	0	1	1	0	0
587958at33208	1	1	1	1	1	1	1	1	1	1	1	1	1	1	1	1	1	1	1	1	1	1	1	0	1	1	1	1	1	0	1
589773at33208	0	0	0	0	0	0	1	0	0	0	0	0	0	0	0	1	0	0	1	0	0	0	0	0	0	0	0	0	1	0	0
589901at33208	1	1	1	1	0	1	1	1	1	0	1	1	1	1	1	1	0	0	1	1	1	0	1	1	1	1	0	1	1	1	1
590221at33208	1	1	1	1	1	1	1	1	1	0	1	1	1	1	1	0	0	1	0	1	1	1	1	1	1	1	1	0	1	0	0
590347at33208	1	1	1	1	1	1	0	1	0	0	1	0	1	1	1	0	0	0	0	1	0	1	1	1	1	1	1	1	0	0	0
590416at33208	1	1	1	1	0	1	1	0	1	1	1	1	1	1	1	1	1	1	1	1	1	1	1	1	1	1	1	1	1	1	1
590470at33208	1	1	1	1	1	1	0	1	1	1	1	1	1	1	1	1	1	1	0	1	1	1	0	1	1	1	1	1	0	0	0
591316at33208	0	1	1	1	0	1	1	1	0	0	0	1	1	1	1	0	0	0	0	0	0	1	1	0	1	1	1	0	1	0	1
591391at33208	0	0	0	0	0	0	0	0	0	0	0	0	0	0	0	1	1	1	0	0	1	1	0	0	0	0	1	1	0	1	1
591498at33208	1	1	1	1	1	1	1	1	1	1	1	1	1	1	1	1	1	1	0	1	0	0	0	0	1	1	1	1	0	1	1
592087at33208	0	0	0	0	0	0	1	0	1	1	0	0	0	0	1	0	0	0	1	1	1	1	0	1	0	1	1	0	1	0	0
592094at33208	1	1	1	1	1	1	1	1	1	1	1	1	1	1	1	1	1	1	1	0	0	1	0	0	1	1	1	1	1	0	0
592759at33208	1	1	1	1	1	1	1	1	1	1	1	1	1	1	1	1	1	1	1	1	1	1	1	1	1	1	1	1	1	1	1
592872at33208	1	1	1	1	1	1	1	1	1	1	1	1	1	1	1	1	1	1	1	1	1	1	1	1	1	1	1	1	1	0	1
594172at33208	1	1	1	1	1	1	1	1	1	1	1	1	1	1	1	1	1	1	1	0	1	1	1	1	1	1	0	1	1	0	1
594271at33208	1	1	1	0	0	1	1	1	1	0	1	1	1	1	1	1	1	1	1	1	1	1	1	1	1	1	1	0	1	1	1
594842at33208	1	1	1	1	1	1	1	1	1	1	1	1	1	1	1	1	1	1	1	0	0	1	1	1	0	1	1	1	1	1	1
594937at33208	0	0	0	0	0	0	0	0	0	0	0	0	0	0	0	0	0	0	0	0	0	0	0	0	0	0	0	0	0	0	0
595010at33208	1	1	1	1	1	1	1	0	1	1	1	1	1	1	1	1	1	0	1	1	1	1	0	1	1	1	1	1	1	0	0
5951at33208	1	1	1	1	1	1	1	1	1	1	1	1	1	1	1	1	1	1	1	1	1	1	1	1	1	1	1	1	1	1	1
595316at33208	1	1	1	1	1	0	1	1	0	1	1	1	1	0	1	1	1	1	0	1	1	0	0	1	1	1	0	1	0	0	1
595404at33208	1	1	1	1	1	1	1	1	1	1	1	1	1	1	1	1	1	0	1	0	1	1	0	1	1	1	1	1	1	1	1
595858at33208	1	1	1	1	1	1	1	1	1	0	1	1	1	1	1	1	1	1	1	1	1	1	0	1	1	1	1	1	1	1	0
596131at33208	1	1	1	1	0	1	1	1	1	1	1	1	1	1	1	1	1	1	0	1	0	0	0	1	1	1	0	1	0	1	1
596973at33208	0	1	1	1	1	1	1	1	1	0	1	1	1	1	1	1	1	1	1	0	1	1	1	1	1	1	0	1	1	1	1
597023at33208	1	0	1	1	1	1	0	0	0	0	1	1	1	1	0	0	0	0	0	0	0	0	0	1	1	1	0	0	0	0	0
597816at33208	1	1	1	1	1	1	0	1	1	1	1	1	1	1	1	1	0	0	0	1	0	0	1	1	1	1	1	1	1	0	0
598405at33208	1	1	1	1	1	1	1	1	1	1	1	1	1	1	1	1	1	1	1	1	0	1	1	0	1	1	1	1	0	0	1
598944at33208	1	1	1	1	1	1	1	1	1	1	1	1	1	1	1	1	1	1	0	1	1	1	0	1	1	1	1	1	1	1	1
599320at33208	1	1	1	1	1	1	1	1	1	0	1	1	1	1	1	1	1	1	1	1	1	1	0	1	1	1	1	1	1	1	1
600462at33208	0	0	1	1	1	1	1	0	1	0	1	1	1	1	1	1	0	0	0	1	0	1	1	0	1	1	1	0	1	1	0
600823at33208	1	1	1	1	1	0	1	1	0	1	1	1	1	1	1	1	1	0	1	1	1	0	1	0	1	1	1	1	0	1	1
601242at33208	0	0	0	0	0	0	0	0	0	0	0	0	0	0	1	0	0	0	0	1	0	1	0	0	0	0	0	0	0	0	0
601650at33208	1	1	1	1	0	1	1	1	1	1	1	1	1	1	1	1	0	1	1	1	1	1	0	0	1	1	1	1	0	0	1
601768at33208	1	0	0	0	0	0	1	0	0	0	0	0	0	0	1	1	0	0	1	0	0	1	0	1	0	0	1	1	0	0	1
601875at33208	1	0	0	1	1	1	1	1	0	0	1	1	1	1	1	0	0	0	0	0	1	0	0	1	1	0	0	0	0	0	0
601886at33208	0	0	0	0	0	0	1	0	0	0	0	0	0	0	1	1	0	0	1	1	0	0	0	0	0	0	1	1	0	0	0
601967at33208	1	1	1	1	1	1	1	1	1	0	1	1	1	1	1	1	0	0	0	1	0	0	1	1	1	1	0	1	1	0	1
602089at33208	1	1	0	1	0	1	1	0	1	1	1	1	0	1	1	1	1	1	0	1	1	1	0	1	1	1	1	1	1	0	0
602148at33208	1	0	1	1	0	0	0	1	1	1	1	1	1	1	1	1	1	1	1	0	0	1	0	1	1	1	0	1	0	0	1
602587at33208	0	1	1	1	1	1	0	1	1	0	1	1	1	1	0	0	0	0	1	1	0	0	1	1	1	1	0	1	1	0	0
603239at33208	1	1	1	1	1	1	1	1	1	1	1	1	1	1	1	1	1	1	1	1	1	1	0	1	1	1	1	1	1	1	1
603370at33208	1	1	1	1	1	1	1	1	1	1	1	1	1	1	1	1	1	1	1	1	1	1	0	1	1	1	1	1	1	1	1
603609at33208	1	1	1	1	1	1	1	1	1	1	1	1	1	1	1	1	1	1	1	1	0	1	0	1	1	1	0	1	1	1	1
603673at33208	1	1	0	1	1	1	1	1	1	1	1	1	1	1	1	1	1	0	1	1	1	1	1	1	1	1	1	1	1	1	0
604211at33208	0	0	1	1	1	1	1	1	1	1	1	1	1	1	1	1	1	1	0	1	1	0	1	1	1	1	0	0	1	1	1
604943at33208	0	1	1	1	1	1	1	0	0	0	1	1	1	1	1	1	0	0	0	0	0	1	0	0	1	1	1	1	1	1	0
605189at33208	1	0	0	1	1	1	1	0	1	0	0	1	1	1	1	1	1	0	1	1	0	1	0	1	0	1	0	1	1	1	1
606048at33208	1	1	1	1	1	1	1	1	1	1	1	1	1	1	1	1	1	1	1	1	1	0	0	1	1	1	1	1	1	0	1
606539at33208	1	1	1	1	1	1	1	1	1	1	1	1	1	1	1	1	1	1	1	1	1	1	1	1	1	1	1	1	1	1	1
606748at33208	1	1	0	1	1	1	1	0	1	0	0	0	0	1	1	1	0	0	1	1	1	0	1	1	1	1	1	1	1	0	0
606776at33208	0	0	1	1	1	0	0	1	1	1	1	0	1	1	0	1	0	0	1	0	1	0	0	0	1	1	1	1	1	0	1
606795at33208	0	0	0	0	0	0	1	0	0	0	0	0	0	0	0	1	0	0	0	0	0	1	0	0	0	0	0	0	1	1	0
606958at33208	0	1	1	1	1	1	1	1	1	0	1	1	1	1	1	1	0	0	0	0	1	0	1	0	0	1	0	1	1	0	1
607862at33208	1	1	1	1	1	1	1	1	1	0	1	1	1	1	1	1	1	1	1	1	1	1	0	0	1	1	1	1	1	1	1
608011at33208	1	1	1	1	1	1	1	1	1	1	1	1	1	1	1	1	1	1	1	1	1	0	1	1	0	1	1	1	1	0	0
608074at33208	1	1	1	1	0	1	1	0	1	1	1	1	1	1	0	1	1	1	1	1	1	1	1	1	1	1	1	1	1	1	1
608190at33208	1	1	1	1	1	1	1	1	1	1	1	1	1	1	0	1	1	1	1	1	1	1	1	0	1	1	1	1	1	1	0
608669at33208	1	1	1	1	1	1	1	1	1	0	1	1	1	1	1	1	0	0	1	1	1	0	0	1	0	1	1	1	0	1	0
608869at33208	1	1	1	1	1	1	1	1	1	1	1	1	1	1	1	1	0	0	1	1	1	1	0	1	1	1	1	1	1	1	1
608924at33208	1	1	1	1	1	1	1	1	1	1	1	1	1	1	1	1	1	1	1	1	1	1	1	0	1	1	1	1	1	1	0
609899at33208	1	1	1	1	1	1	1	0	1	1	1	1	1	1	1	1	1	1	1	1	0	1	1	1	1	1	1	1	1	1	1
610427at33208	1	1	1	1	1	1	1	1	1	1	1	1	1	1	1	1	1	1	1	1	1	1	1	1	1	1	1	0	1	1	1
610541at33208	1	1	1	1	1	1	1	1	1	1	1	1	1	1	1	1	1	1	1	1	1	1	0	1	1	1	1	1	1	1	0
611258at33208	1	1	1	1	1	1	1	1	1	1	1	1	1	1	1	1	1	1	1	1	1	0	0	1	1	1	1	1	1	1	1
611279at33208	1	1	1	1	1	1	1	1	1	1	1	1	1	0	1	1	1	1	1	1	1	1	1	1	1	1	1	1	1	1	1
611373at33208	1	1	1	1	0	1	1	0	1	1	1	0	1	1	0	1	0	1	1	0	1	0	0	1	0	1	1	1	1	1	1
611891at33208	0	1	1	1	0	1	1	1	1	1	1	1	0	1	0	1	1	1	1	1	1	0	1	1	1	1	1	0	0	1	1
612760at33208	1	1	1	1	1	1	1	1	1	1	1	1	1	1	1	1	1	1	1	1	1	1	1	1	1	1	1	1	1	1	1
612825at33208	1	1	0	1	0	1	1	1	0	1	1	1	1	1	1	1	1	1	1	1	1	0	0	1	1	1	1	0	1	1	0
613522at33208	0	0	1	1	0	1	0	1	0	0	1	1	1	1	1	1	0	0	0	0	0	0	0	0	1	1	0	0	1	0	0
613580at33208	1	1	1	1	1	0	1	1	1	0	0	1	1	1	1	1	0	0	0	1	0	0	1	1	1	0	1	1	0	1	0
613851at33208	1	1	1	1	1	1	1	1	1	1	1	1	1	1	1	1	1	1	1	1	0	0	1	0	1	1	1	1	0	1	1
614305at33208	1	1	0	1	0	1	1	1	0	0	1	1	1	1	1	1	0	1	0	0	1	0	1	1	1	1	1	1	0	1	0
615531at33208	1	1	1	1	1	1	1	1	1	1	1	1	1	1	1	1	1	0	1	1	1	1	1	1	1	1	1	1	1	1	1
615585at33208	1	1	1	1	1	1	1	1	1	1	1	1	1	1	1	1	1	1	1	1	1	1	1	1	1	1	1	1	1	1	1
615840at33208	1	0	0	1	1	1	0	0	1	0	1	1	1	1	1	0	0	0	0	0	0	1	0	0	0	0	0	1	0	0	1
616120at33208	1	1	1	1	1	1	0	1	1	1	1	1	1	1	1	1	1	1	0	0	0	0	0	1	1	0	1	1	1	1	1
616149at33208	1	1	1	1	1	1	1	1	1	1	1	1	1	1	1	1	1	1	1	1	1	1	1	1	1	1	1	1	1	1	1
616613at33208	1	1	1	1	1	1	1	1	1	1	1	1	1	1	1	1	1	1	1	1	1	1	1	1	1	1	1	0	1	1	1
616716at33208	1	1	1	1	1	1	1	0	1	1	1	1	1	1	1	1	1	1	1	1	1	1	1	1	1	1	1	1	1	0	1
617020at33208	1	1	1	0	1	1	1	1	1	0	1	1	1	1	1	0	1	1	0	1	0	0	0	1	1	1	1	0	1	1	1
617441at33208	1	1	1	1	1	1	1	1	1	1	1	1	1	1	1	1	1	1	0	1	1	0	1	1	1	1	1	1	1	1	1
617522at33208	1	1	1	1	1	1	1	1	1	0	1	1	1	1	1	1	1	1	0	1	1	1	1	1	1	1	1	1	1	0	0
617667at33208	1	1	1	1	1	1	1	0	1	1	1	1	1	0	1	1	1	1	1	0	0	0	1	1	1	1	1	1	1	1	1
618339at33208	1	1	1	1	1	1	1	1	1	1	1	1	1	1	1	1	1	1	1	0	1	1	1	1	1	1	1	1	1	0	1
618421at33208	1	1	1	1	0	1	1	1	1	0	1	1	1	1	1	1	1	1	1	1	1	1	1	1	1	1	1	1	1	1	0
618516at33208	1	1	1	1	1	1	1	1	1	1	1	1	1	1	1	1	1	1	0	1	0	1	1	1	1	1	1	0	1	1	0
618986at33208	1	1	1	1	1	1	1	1	1	1	1	1	1	1	1	1	1	1	0	1	1	1	1	1	1	1	1	1	1	1	1
619250at33208	1	1	1	0	0	1	1	0	1	1	1	1	1	0	1	1	1	1	1	1	1	1	1	0	1	1	1	1	1	1	1
619326at33208	1	1	1	1	1	0	1	1	1	1	0	1	1	1	1	1	1	0	1	1	0	1	0	1	1	0	1	1	1	0	1
619415at33208	1	0	0	0	0	0	1	0	1	1	0	0	0	0	1	1	1	1	1	0	1	0	0	1	0	0	1	0	1	0	1
620546at33208	1	1	1	1	1	1	1	1	1	1	1	1	1	1	1	1	1	1	1	1	1	1	1	1	1	1	0	1	0	1	1
620753at33208	1	0	1	1	1	0	1	0	1	0	0	0	0	1	0	1	0	0	1	0	1	1	1	1	1	0	1	0	1	1	0
621585at33208	1	1	1	1	1	1	1	1	1	1	1	1	1	1	0	1	1	1	0	1	0	1	1	1	1	1	1	1	1	1	1
621808at33208	1	1	1	1	1	1	1	1	1	1	1	1	1	1	1	1	1	1	1	1	1	0	1	1	1	1	1	1	1	0	1
622156at33208	1	1	1	1	1	1	1	0	1	1	1	1	1	1	1	1	1	0	1	1	1	1	1	1	1	1	1	1	1	1	1
622172at33208	1	1	1	1	1	1	1	1	1	1	1	1	1	1	1	1	1	1	1	1	1	1	1	1	1	1	1	1	0	1	1
622270at33208	1	1	1	1	1	1	0	1	1	1	1	1	1	1	1	1	1	1	1	1	0	1	1	1	1	0	1	1	1	1	1
622461at33208	1	1	1	1	1	1	1	1	1	1	1	1	1	1	1	1	1	1	1	1	1	1	1	1	1	1	1	1	1	1	1
622560at33208	1	1	1	1	0	1	1	1	1	1	1	1	1	1	1	1	1	1	0	1	1	1	1	1	1	1	1	1	1	0	1
623138at33208	0	1	0	1	1	1	1	0	1	1	1	1	1	1	0	1	0	0	1	1	1	1	0	1	1	1	0	1	1	1	1
623324at33208	1	1	1	1	1	1	1	1	1	1	1	1	1	1	1	1	0	1	1	1	1	0	1	1	1	1	0	1	1	0	1
623444at33208	1	1	1	1	1	1	1	1	1	1	1	1	1	1	1	1	1	1	1	1	0	1	1	1	1	1	1	0	1	1	0
623995at33208	1	1	1	1	1	1	1	1	1	1	1	1	1	1	1	1	1	1	1	1	1	1	1	1	1	1	1	1	1	0	1
625077at33208	1	1	1	1	1	1	1	1	1	1	1	1	1	1	0	1	1	1	1	0	1	1	0	1	1	1	1	1	1	1	1
625091at33208	0	1	1	1	1	1	1	0	1	0	1	1	1	1	1	1	1	1	1	1	0	1	1	1	1	1	1	1	1	1	0
625769at33208	1	1	1	1	1	1	1	1	1	0	1	1	1	1	1	1	0	0	0	1	1	1	0	1	1	1	1	1	1	1	1
628082at33208	1	1	1	1	1	1	1	1	1	1	1	1	1	1	1	1	1	1	1	1	1	1	1	0	1	1	1	1	1	1	1
628231at33208	0	1	1	1	1	1	0	1	0	0	1	1	1	1	0	1	0	0	0	1	0	1	1	0	1	1	0	0	1	1	0
628247at33208	0	1	1	1	1	0	0	1	1	1	1	1	1	1	1	1	1	1	1	1	1	1	1	1	1	1	1	0	1	1	1
629763at33208	1	1	1	1	1	1	1	1	1	1	1	1	1	1	1	1	1	1	0	0	1	1	1	1	1	1	1	1	1	1	1
630073at33208	1	0	1	1	0	1	1	0	1	1	1	1	1	0	1	1	0	1	1	0	1	1	0	1	1	1	1	1	1	1	1
631107at33208	1	1	1	1	1	1	0	1	1	1	1	1	1	1	1	1	1	1	1	1	1	1	1	1	1	1	1	1	1	1	1
631173at33208	1	1	0	1	0	1	1	0	1	0	1	0	1	0	1	1	0	0	1	0	1	0	0	1	1	1	1	1	1	1	1
631196at33208	1	1	1	1	1	1	1	0	1	1	1	1	1	1	1	1	0	0	1	1	1	0	1	1	1	1	0	1	1	1	1
631662at33208	1	1	1	1	1	1	1	1	1	0	1	1	1	1	1	1	1	1	1	1	1	1	1	1	1	1	1	1	1	1	1
631767at33208	0	0	0	1	1	1	1	0	1	0	0	0	0	0	1	1	1	0	1	1	0	0	0	1	0	0	1	1	1	1	0
631798at33208	0	0	0	0	0	0	0	0	0	1	0	0	0	0	0	0	0	0	0	0	0	0	0	1	0	0	0	0	0	0	1
631811at33208	1	1	1	1	1	1	1	1	1	1	1	1	1	1	1	1	1	1	1	1	1	0	0	1	1	1	1	0	0	0	1
632234at33208	1	1	1	1	1	1	1	1	1	1	1	1	1	1	1	1	0	1	0	1	1	1	0	1	1	1	1	0	1	1	1
632472at33208	0	1	0	0	1	0	0	1	1	0	1	1	1	1	0	0	0	1	1	0	0	0	0	0	0	1	0	0	0	0	0
632566at33208	1	1	1	1	1	1	1	0	1	0	1	1	1	1	1	1	1	0	0	0	1	1	0	1	1	1	1	1	1	0	1
633007at33208	0	1	1	1	1	1	1	1	0	0	1	1	1	1	1	1	0	0	1	1	1	0	0	0	1	1	1	1	1	1	0
633282at33208	1	1	1	1	1	1	1	0	1	1	1	1	1	1	0	1	1	1	0	1	0	1	1	0	1	1	1	0	0	1	0
633619at33208	0	1	1	1	1	1	1	0	1	1	1	1	1	1	1	1	0	1	1	1	1	1	1	1	1	1	1	1	1	0	0
634446at33208	1	1	1	1	1	1	1	0	1	1	1	1	1	0	1	1	1	1	0	0	0	1	1	0	1	1	1	0	1	1	1
634447at33208	1	0	1	1	1	0	1	1	1	0	1	1	1	0	1	1	1	1	1	1	0	1	1	0	1	0	1	1	0	1	0
636041at33208	1	1	1	1	1	1	1	0	1	1	1	1	1	1	1	1	1	1	0	0	1	1	1	0	0	1	1	0	0	1	1
636070at33208	0	1	1	1	1	1	1	1	1	0	1	1	1	1	1	1	1	1	0	0	1	1	0	0	1	1	1	1	1	1	0
636300at33208	1	1	1	1	1	1	1	1	1	1	1	1	1	1	1	1	1	1	0	1	0	1	1	1	0	1	1	1	1	1	1
636423at33208	1	1	1	1	1	1	1	1	1	1	1	1	1	1	1	1	1	1	0	1	1	1	1	1	1	1	1	0	1	1	0
63697at33208	1	1	1	1	1	1	1	1	1	1	1	1	1	1	1	1	1	1	1	1	1	1	1	1	1	1	1	1	1	1	1
637971at33208	1	1	0	0	0	1	1	0	1	0	0	1	0	0	0	1	1	0	1	1	0	1	0	1	1	0	0	1	0	1	0
638541at33208	0	0	0	0	0	0	0	0	0	0	0	0	0	0	0	0	0	0	0	0	0	0	0	0	0	0	0	0	0	0	0
639252at33208	0	1	1	1	1	0	0	1	1	0	1	1	1	1	1	1	0	0	0	1	0	1	1	1	1	1	1	1	1	1	0
640187at33208	0	0	0	0	0	0	0	0	0	0	0	0	0	0	0	0	0	0	0	0	0	0	0	0	0	0	0	0	0	0	0
640349at33208	0	1	0	1	1	1	1	1	1	0	1	1	1	1	1	1	0	0	1	0	0	0	1	1	1	1	1	1	1	0	0
641073at33208	1	1	1	1	1	1	0	1	0	1	1	1	1	1	1	1	1	1	1	0	1	1	0	0	1	1	0	1	1	1	1
641257at33208	1	1	1	1	1	1	1	1	1	1	1	1	1	1	1	1	1	1	1	1	1	0	0	1	1	1	1	1	0	0	0
642323at33208	0	1	1	1	1	1	1	1	1	0	1	1	1	1	1	1	1	1	1	1	1	1	0	1	1	1	1	1	1	1	1
642552at33208	1	1	1	1	1	1	1	1	1	0	1	1	1	1	0	1	1	0	1	0	1	0	0	1	1	1	0	0	1	1	0
642773at33208	0	0	0	0	0	0	0	0	1	1	0	0	0	0	0	1	1	1	0	0	0	0	0	0	0	0	0	0	0	0	0
643380at33208	1	0	0	0	1	0	1	0	1	1	0	0	1	0	1	0	1	1	1	1	1	1	0	1	0	0	1	1	1	1	0
643883at33208	1	1	1	1	1	1	0	0	1	1	1	1	1	0	1	1	1	1	0	1	1	0	1	0	1	1	1	1	1	1	1
643954at33208	0	1	1	1	0	1	0	1	1	0	0	1	1	1	0	1	0	0	0	0	1	1	1	0	1	1	1	0	1	1	0
644034at33208	1	1	1	1	0	1	1	1	1	1	1	1	1	1	1	1	1	1	0	1	1	1	1	1	1	1	1	1	1	0	1
64435at33208	1	1	1	1	1	1	0	1	1	1	1	1	1	1	1	0	1	1	1	0	0	0	1	1	1	1	1	0	1	0	1
648300at33208	0	0	0	0	0	0	0	0	0	0	0	0	0	0	0	0	0	0	0	0	0	0	0	0	0	0	0	0	0	0	0
649979at33208	1	1	1	1	1	1	1	0	1	0	1	1	1	1	1	0	1	0	1	1	1	1	1	1	1	1	1	1	1	1	0
65302at33208	0	1	1	1	1	1	1	0	1	0	1	1	1	1	0	1	1	1	0	0	0	0	0	0	1	1	1	0	0	1	0
66018at33208	1	1	1	1	1	1	1	1	1	1	1	1	1	1	1	1	1	1	1	1	1	1	1	1	1	1	1	1	1	1	1
75406at33208	1	1	1	1	1	1	1	1	1	0	1	1	1	1	1	1	1	1	1	1	1	1	1	1	1	1	1	1	1	1	1
76852at33208	1	1	1	1	1	1	1	1	0	0	1	1	1	1	1	1	1	1	1	1	0	0	0	1	1	1	0	1	1	1	0
84980at33208	1	1	1	1	1	1	1	1	1	1	1	1	1	1	1	1	1	1	1	1	0	1	0	1	1	1	1	1	1	1	1
88053at33208	1	1	1	1	1	1	1	1	1	1	1	1	1	1	1	1	1	1	1	1	1	1	1	1	1	1	1	1	1	1	1
92367at33208	0	0	0	0	0	0	0	0	0	0	0	1	0	0	0	1	0	0	0	0	0	0	0	0	0	1	0	0	0	0	0
9639at33208	1	1	1	1	1	1	1	1	1	1	1	1	1	1	1	1	1	1	1	1	1	1	0	1	1	1	1	1	1	1	1
99614at33208	1	1	1	1	1	1	1	1	1	1	1	1	1	1	1	1	1	1	1	1	1	1	1	1	1	1	1	1	1	1	1
99987at33208	1	1	0	0	1	1	0	1	1	0	1	1	1	1	1	0	1	1	0	0	1	0	0	1	1	0	1	1	1	1	0
